facility_id,facility_name,facility_type,subtype,fuel,status,latitude,longitude,location_accuracy,state,capacity,capacity_unit,n_units,area_km2,onshore_offshore,operator,source_tracker
L100000401458,Pragati Combined Cycle power plant,oil_gas_power_plant,,fossil gas: natural gas,operating,28.6146,77.2528,exact,Delhi,330.4,MW,1,,,,GEM GOGPT (Global Oil and Gas Plant Tracker (GOGPT) - August 2026.xlsx)
L100000401459,Pragati Combined Cycle Gas Turbine-III power station,oil_gas_power_plant,,fossil gas: natural gas,operating,28.7962571,77.0709926,exact,Delhi,1500.0,MW,2,,,,GEM GOGPT (Global Oil and Gas Plant Tracker (GOGPT) - August 2026.xlsx)
L100000401461,Dholpur Combined Cycle power plant,oil_gas_power_plant,,fossil gas: natural gas,operating,26.701839,77.847933,exact,Rajasthan,330.0,MW,1,,,,GEM GOGPT (Global Oil and Gas Plant Tracker (GOGPT) - August 2026.xlsx)
L100000401462,Ramgarh Combined Cycle power plant,oil_gas_power_plant,,"fossil gas: natural gas, fossil liquids: diesel",operating,27.337693,70.525314,exact,Rajasthan,270.5,MW,1,,,,GEM GOGPT (Global Oil and Gas Plant Tracker (GOGPT) - August 2026.xlsx)
L100000401463,Faridabad Combined Cycle power plant,oil_gas_power_plant,,"fossil gas: natural gas, fossil liquids: naphtha, fossil liquids: diesel",operating,28.34652,77.359003,exact,Haryana,431.6,MW,1,,,,GEM GOGPT (Global Oil and Gas Plant Tracker (GOGPT) - August 2026.xlsx)
L100000401464,Anta power plant,oil_gas_power_plant,,fossil gas: natural gas,operating,25.1797,76.3188,exact,Rajasthan,419.3,MW,1,,,,GEM GOGPT (Global Oil and Gas Plant Tracker (GOGPT) - August 2026.xlsx)
L100000401465,Dadri Combined Cycle power plant,oil_gas_power_plant,,"fossil gas: natural gas, fossil liquids: diesel",operating,28.5932,77.6101,exact,Uttar Pradesh,829.8,MW,1,,,,GEM GOGPT (Global Oil and Gas Plant Tracker (GOGPT) - August 2026.xlsx)
L100000401466,Auraiya Combined Cycle power plant,oil_gas_power_plant,,fossil gas: natural gas,operating,26.6282,79.5286,exact,Uttar Pradesh,663.0,MW,1,,,,GEM GOGPT (Global Oil and Gas Plant Tracker (GOGPT) - August 2026.xlsx)
L100000401467,Hazira (GSEG) power station,oil_gas_power_plant,,fossil gas: natural gas,operating,21.1652,72.6613,exact,Gujarat,507.0,MW,2,,,,GEM GOGPT (Global Oil and Gas Plant Tracker (GOGPT) - August 2026.xlsx)
L100000401469,Pipavav Combined Cycle power plant,oil_gas_power_plant,,fossil gas: natural gas,operating,20.8986,71.46926,exact,Gujarat,702.0,MW,2,,,,GEM GOGPT (Global Oil and Gas Plant Tracker (GOGPT) - August 2026.xlsx)
L100000401471,Dhuvaran Combined Cycle power plant,oil_gas_power_plant,,"fossil gas: natural gas, fossil gas: LNG",operating,22.2396,72.752,exact,Gujarat,594.0,MW,3,,,,GEM GOGPT (Global Oil and Gas Plant Tracker (GOGPT) - August 2026.xlsx)
L100000401474,Utran Combined Cycle power plant,oil_gas_power_plant,,fossil gas: natural gas,operating,21.2285,72.8705,exact,Gujarat,374.0,MW,1,,,,GEM GOGPT (Global Oil and Gas Plant Tracker (GOGPT) - August 2026.xlsx)
L100000401475,Sugen Combined Cycle power plant,oil_gas_power_plant,,fossil gas: natural gas,operating,21.3395,72.9889,exact,Gujarat,1149.0,MW,3,,,,GEM GOGPT (Global Oil and Gas Plant Tracker (GOGPT) - August 2026.xlsx)
L100000401478,Unosugen Combined Cycle power plant,oil_gas_power_plant,,fossil gas: natural gas,operating,21.3413,72.989,exact,Gujarat,383.0,MW,1,,,,GEM GOGPT (Global Oil and Gas Plant Tracker (GOGPT) - August 2026.xlsx)
L100000401479,Hazira (Essar) power station,oil_gas_power_plant,captive: iron & steel,"fossil gas: natural gas, fossil liquids: naphtha, fossil liquids: diesel",operating,21.110391,72.654514,exact,Gujarat,515.0,MW,1,,,,GEM GOGPT (Global Oil and Gas Plant Tracker (GOGPT) - August 2026.xlsx)
L100000401480,Vadodara Combined Cycle power plant,oil_gas_power_plant,,fossil gas: natural gas,operating,22.375805,73.099511,exact,Gujarat,310.0,MW,2,,,,GEM GOGPT (Global Oil and Gas Plant Tracker (GOGPT) - August 2026.xlsx)
L100000401482,Paguthan Combined Cycle power plant,oil_gas_power_plant,,fossil gas: natural gas,operating,21.78,72.979,exact,Gujarat,655.0,MW,1,,,,GEM GOGPT (Global Oil and Gas Plant Tracker (GOGPT) - August 2026.xlsx)
L100000401483,DGEN Mega Combined Cycle power plant,oil_gas_power_plant,,fossil gas: natural gas,operating,21.6923,72.6215,exact,Gujarat,1200.0,MW,3,,,,GEM GOGPT (Global Oil and Gas Plant Tracker (GOGPT) - August 2026.xlsx)
L100000401486,Uran Combined Cycle power plant,oil_gas_power_plant,,fossil gas: natural gas,operating,18.88,72.9715,exact,Maharashtra,672.0,MW,1,,,,GEM GOGPT (Global Oil and Gas Plant Tracker (GOGPT) - August 2026.xlsx)
L100000401487,Trombay Combined Cycle power plant,oil_gas_power_plant,,fossil gas: natural gas,operating,19.0018,72.8967,exact,Maharashtra,180.0,MW,1,,,,GEM GOGPT (Global Oil and Gas Plant Tracker (GOGPT) - August 2026.xlsx)
L100000401488,Mangaon Combined Cycle power plant,oil_gas_power_plant,,fossil gas: natural gas,operating,18.3879,73.3529,exact,Maharashtra,388.0,MW,1,,,,GEM GOGPT (Global Oil and Gas Plant Tracker (GOGPT) - August 2026.xlsx)
L100000401489,Jhanor Gandhar Combined Cycle power plant,oil_gas_power_plant,,fossil gas: natural gas,operating,21.8242,73.1136,exact,Gujarat,657.0,MW,1,,,,GEM GOGPT (Global Oil and Gas Plant Tracker (GOGPT) - August 2026.xlsx)
L100000401490,Kawas Combined Cycle power plant,oil_gas_power_plant,,fossil gas: natural gas,operating,21.175,72.6879,exact,Gujarat,656.0,MW,1,,,,GEM GOGPT (Global Oil and Gas Plant Tracker (GOGPT) - August 2026.xlsx)
L100000401491,Ratnagiri Combined Cycle power plant,oil_gas_power_plant,,fossil gas: LNG,operating,17.5587,73.16705,exact,Maharashtra,1968.0,MW,3,,,,GEM GOGPT (Global Oil and Gas Plant Tracker (GOGPT) - August 2026.xlsx)
L100000401494,Kondapalli Combined Cycle power plant,oil_gas_power_plant,,fossil gas: natural gas,operating,16.64,80.5504,exact,Andhra Pradesh,1476.0,MW,4,,,,GEM GOGPT (Global Oil and Gas Plant Tracker (GOGPT) - August 2026.xlsx)
L100000401498,Gautami Combined Cycle power plant,oil_gas_power_plant,,"fossil gas: natural gas, fossil liquids: diesel",operating,17.0386,82.1286,exact,Andhra Pradesh,464.0,MW,1,,,,GEM GOGPT (Global Oil and Gas Plant Tracker (GOGPT) - August 2026.xlsx)
L100000401499,Vijjeswaram Combined Cycle power plant,oil_gas_power_plant,,"fossil gas: natural gas, fossil liquids: naphtha, fossil liquids: diesel",operating,16.9335,81.7243,exact,Andhra Pradesh,272.0,MW,2,,,,GEM GOGPT (Global Oil and Gas Plant Tracker (GOGPT) - August 2026.xlsx)
L100000401501,Konaseema Combined Cycle power plant,oil_gas_power_plant,,fossil gas: natural gas,operating,16.7346,81.8622,exact,Andhra Pradesh,445.0,MW,1,,,,GEM GOGPT (Global Oil and Gas Plant Tracker (GOGPT) - August 2026.xlsx)
L100000401502,Samalkot Combined Cycle power plant,oil_gas_power_plant,,"fossil gas: natural gas, fossil liquids: naphtha",operating,17.0853,82.1283,exact,Andhra Pradesh,220.0,MW,1,,,,GEM GOGPT (Global Oil and Gas Plant Tracker (GOGPT) - August 2026.xlsx)
L100000401503,Jegurupadu Combined Cycle power plant,oil_gas_power_plant,,fossil gas: natural gas,operating,16.9312,81.86,exact,Andhra Pradesh,455.0,MW,2,,,,GEM GOGPT (Global Oil and Gas Plant Tracker (GOGPT) - August 2026.xlsx)
L100000401505,Vemagiri Combined Cycle power plant,oil_gas_power_plant,,fossil gas: natural gas,operating,16.9238,81.8141,exact,Andhra Pradesh,388.0,MW,1,,,,GEM GOGPT (Global Oil and Gas Plant Tracker (GOGPT) - August 2026.xlsx)
L100000401506,Godavari Combined Cycle power plant,oil_gas_power_plant,,fossil gas: natural gas,operating,17.0587,82.3097,exact,Andhra Pradesh,208.0,MW,1,,,,GEM GOGPT (Global Oil and Gas Plant Tracker (GOGPT) - August 2026.xlsx)
L100000401508,GREL Combined Cycle power plant (Rajahmundry),oil_gas_power_plant,,fossil gas: natural gas,operating,16.9247,81.8112,exact,Andhra Pradesh,768.0,MW,2,,,,GEM GOGPT (Global Oil and Gas Plant Tracker (GOGPT) - August 2026.xlsx)
L100000401510,Kuttalam Combined Cycle power plant,oil_gas_power_plant,,fossil gas: natural gas,operating,11.076,79.57,exact,Tamil Nadu,101.0,MW,1,,,,GEM GOGPT (Global Oil and Gas Plant Tracker (GOGPT) - August 2026.xlsx)
L100000401511,Thirumakotai Combined Cycle power plant,oil_gas_power_plant,,fossil gas: natural gas,operating,10.5415,79.4507,exact,Tamil Nadu,107.0,MW,1,,,,GEM GOGPT (Global Oil and Gas Plant Tracker (GOGPT) - August 2026.xlsx)
L100000401512,Valuthur Combined Cycle power plant,oil_gas_power_plant,,fossil gas: natural gas,operating,9.34836,78.9235,exact,Tamil Nadu,187.0,MW,2,,,,GEM GOGPT (Global Oil and Gas Plant Tracker (GOGPT) - August 2026.xlsx)
L100000401514,P.Nallur Combined Cycle power plant,oil_gas_power_plant,,"fossil gas: natural gas, fossil liquids: naphtha",operating,11.0749,79.834,exact,Tamil Nadu,331.0,MW,1,,,,GEM GOGPT (Global Oil and Gas Plant Tracker (GOGPT) - August 2026.xlsx)
L100000401518,Karappur Combined Cycle power plant,oil_gas_power_plant,,fossil gas: natural gas,operating,11.121782,79.527904,exact,Tamil Nadu,120.0,MW,1,,,,GEM GOGPT (Global Oil and Gas Plant Tracker (GOGPT) - August 2026.xlsx)
L100000401519,Namrup power station,oil_gas_power_plant,,fossil gas: natural gas,operating,27.1858,95.376,exact,Assam,98.4,MW,1,,,,GEM GOGPT (Global Oil and Gas Plant Tracker (GOGPT) - August 2026.xlsx)
L100000401520,Monarchak Combined Cycle power plant,oil_gas_power_plant,,fossil gas: natural gas,operating,23.438,91.274,exact,Tripura,101.0,MW,1,,,,GEM GOGPT (Global Oil and Gas Plant Tracker (GOGPT) - August 2026.xlsx)
L100000401521,Tripura Combined Cycle power plant,oil_gas_power_plant,,fossil gas: natural gas,operating,23.4987,91.4385,exact,Tripura,726.0,MW,2,,,,GEM GOGPT (Global Oil and Gas Plant Tracker (GOGPT) - August 2026.xlsx)
L100000407120,Yelahanka Raichur power station,oil_gas_power_plant,,fossil gas: natural gas,operating,13.117556,77.581875,exact,Karnataka,370.0,MW,1,,,,GEM GOGPT (Global Oil and Gas Plant Tracker (GOGPT) - August 2026.xlsx)
L100000407123,Kashipur Sravanthi power station,oil_gas_power_plant,,fossil gas: natural gas,operating,29.154721,78.974029,exact,Uttarakhand,450.0,MW,2,,,,GEM GOGPT (Global Oil and Gas Plant Tracker (GOGPT) - August 2026.xlsx)
L100000407143,Bhander power station,oil_gas_power_plant,captive: iron & steel,fossil gas: natural gas,operating,21.114424,72.656204,exact,Gujarat,500.0,MW,1,,,,GEM GOGPT (Global Oil and Gas Plant Tracker (GOGPT) - August 2026.xlsx)
L100000407144,Kashipur (Gama) power station,oil_gas_power_plant,,fossil gas: natural gas,operating,29.141711,78.963497,exact,Uttarakhand,225.0,MW,1,,,,GEM GOGPT (Global Oil and Gas Plant Tracker (GOGPT) - August 2026.xlsx)
L100000407146,Vadinar P1 power station,oil_gas_power_plant,captive: oil & refining,fossil gas: natural gas,operating,22.324327,69.737699,exact,Gujarat,380.0,MW,1,,,,GEM GOGPT (Global Oil and Gas Plant Tracker (GOGPT) - August 2026.xlsx)
L100000407355,Assam Gas Based power station,oil_gas_power_plant,,fossil gas: natural gas,operating,27.340995,95.406384,exact,Assam,291.0,MW,3,,,,GEM GOGPT (Global Oil and Gas Plant Tracker (GOGPT) - August 2026.xlsx)
L100000407589,Sai Regency Power power plant,oil_gas_power_plant,,fossil gas: natural gas,operating,9.362703,78.893266,approximate,Tamil Nadu,58.0,MW,1,,,,GEM GOGPT (Global Oil and Gas Plant Tracker (GOGPT) - August 2026.xlsx)
L100000407590,Rithala Gas power plant,oil_gas_power_plant,,fossil gas: natural gas,operating,28.7327,77.1016,exact,Delhi,108.0,MW,1,,,,GEM GOGPT (Global Oil and Gas Plant Tracker (GOGPT) - August 2026.xlsx)
L100000407592,IOCL Panipat Naphtha Cracker Captive cogeneration power plant,oil_gas_power_plant,captive: oil & refining,fossil gas: natural gas,operating,29.452388,76.872665,approximate,Haryana,238.4,MW,1,,,,GEM GOGPT (Global Oil and Gas Plant Tracker (GOGPT) - August 2026.xlsx)
L100000407593,IOCL Panipat cogeneration power plant,oil_gas_power_plant,captive: oil & refining,fossil gas: natural gas,operating,29.467309,76.875446,exact,Haryana,110.0,MW,1,,,,GEM GOGPT (Global Oil and Gas Plant Tracker (GOGPT) - August 2026.xlsx)
L100000407594,Agartala power plant,oil_gas_power_plant,,fossil gas: natural gas,operating,23.825018,91.287056,approximate,Tripura,135.0,MW,1,,,,GEM GOGPT (Global Oil and Gas Plant Tracker (GOGPT) - August 2026.xlsx)
L100000407595,Matix Fertilisers Captive power plant,oil_gas_power_plant,captive: chemicals,fossil gas: natural gas,operating,23.44414,87.492464,exact,West Bengal,54.0,MW,1,,,,GEM GOGPT (Global Oil and Gas Plant Tracker (GOGPT) - August 2026.xlsx)
L100000407596,Manesar Captive power plant,oil_gas_power_plant,captive: automobiles,fossil gas: natural gas,operating,28.366459,76.890224,exact,Haryana,77.5,MW,1,,,,GEM GOGPT (Global Oil and Gas Plant Tracker (GOGPT) - August 2026.xlsx)
L100000407597,Mangalore Refinery power plant,oil_gas_power_plant,captive: oil & refining,fossil gas: natural gas,operating,12.983902,74.844176,exact,Karnataka,229.0,MW,2,,,,GEM GOGPT (Global Oil and Gas Plant Tracker (GOGPT) - August 2026.xlsx)
L100000407598,Kayamkulam Gas power plant,oil_gas_power_plant,,"fossil gas: natural gas, fossil liquids: naphtha",operating,9.207196,76.434225,approximate,Kerala,350.0,MW,1,,,,GEM GOGPT (Global Oil and Gas Plant Tracker (GOGPT) - August 2026.xlsx)
L100000407600,Hazira Gas Processing Complex Captive Power station,oil_gas_power_plant,,fossil gas: natural gas,operating,21.16102,72.739369,exact,Gujarat,51.0,MW,1,,,,GEM GOGPT (Global Oil and Gas Plant Tracker (GOGPT) - August 2026.xlsx)
L100000407602,GACL Dahej Caustic Captive power plant,oil_gas_power_plant,captive: chemicals,fossil gas: natural gas,operating,21.70975,72.690402,exact,Gujarat,113.0,MW,1,,,,GEM GOGPT (Global Oil and Gas Plant Tracker (GOGPT) - August 2026.xlsx)
L100000407603,Dahej OPAL Captive power plant,oil_gas_power_plant,,fossil gas: natural gas,operating,21.693394,72.623335,exact,Gujarat,195.0,MW,1,,,,GEM GOGPT (Global Oil and Gas Plant Tracker (GOGPT) - August 2026.xlsx)
L100000407604,BCPL Captive power plant,oil_gas_power_plant,captive: chemicals,fossil gas: natural gas,operating,27.469295,94.873359,exact,Assam,53.0,MW,1,,,,GEM GOGPT (Global Oil and Gas Plant Tracker (GOGPT) - August 2026.xlsx)
L100000407726,Indraprastha Gas power station,oil_gas_power_plant,,fossil gas: natural gas,operating,28.707077,77.102222,approximate,Delhi,270.0,MW,1,,,,GEM GOGPT (Global Oil and Gas Plant Tracker (GOGPT) - August 2026.xlsx)
L100000408389,Paradip Refinery Captive power station,oil_gas_power_plant,,fossil gas: unknown,operating,20.250004,86.59751,exact,Odisha,366.0,MW,3,,,,GEM GOGPT (Global Oil and Gas Plant Tracker (GOGPT) - August 2026.xlsx)
L100000408390,Lakwa Replacement power station,oil_gas_power_plant,,fossil gas: natural gas,operating,26.985766,94.93017,exact,Assam,69.8,MW,1,,,,GEM GOGPT (Global Oil and Gas Plant Tracker (GOGPT) - August 2026.xlsx)
L100000408391,Kozhikode Diesel power station,oil_gas_power_plant,,fossil liquids: diesel,operating,11.205247,75.806959,exact,Kerala,96.0,MW,1,,,,GEM GOGPT (Global Oil and Gas Plant Tracker (GOGPT) - August 2026.xlsx)
L100000408392,HPL Cogeneration power station,oil_gas_power_plant,,"fossil liquids: naphtha, fossil liquids: diesel",operating,22.651466,88.086507,exact,West Bengal,116.0,MW,1,,,,GEM GOGPT (Global Oil and Gas Plant Tracker (GOGPT) - August 2026.xlsx)
L100000408393,HPCL Vizag Refinery power station,oil_gas_power_plant,,fossil gas: unknown,operating,17.68858,83.251943,exact,Andhra Pradesh,60.0,MW,1,,,,GEM GOGPT (Global Oil and Gas Plant Tracker (GOGPT) - August 2026.xlsx)
L100000408395,Guru Gobind Singh Refinery power station,oil_gas_power_plant,,fossil liquids: fuel oil,operating,29.924421,74.958902,exact,Punjab,165.0,MW,1,,,,GEM GOGPT (Global Oil and Gas Plant Tracker (GOGPT) - August 2026.xlsx)
L100000408396,Gujarat Cement Works Combined Cycle power station,oil_gas_power_plant,,"fossil liquids: naphtha, fossil liquids: diesel",operating,20.910433,71.458493,approximate,Gujarat,50.0,MW,1,,,,GEM GOGPT (Global Oil and Gas Plant Tracker (GOGPT) - August 2026.xlsx)
L100000408397,BSES Kerala power station,oil_gas_power_plant,,fossil liquids: naphtha,operating,10.074502,76.319108,exact,Kerala,165.0,MW,1,,,,GEM GOGPT (Global Oil and Gas Plant Tracker (GOGPT) - August 2026.xlsx)
L100000408398,Brahmapuram Diesel power station,oil_gas_power_plant,,fossil liquids: diesel,operating,9.997399,76.373166,exact,Kerala,64.0,MW,1,,,,GEM GOGPT (Global Oil and Gas Plant Tracker (GOGPT) - August 2026.xlsx)
L100000408399,Arkay Energy Rameswarm power station,oil_gas_power_plant,captive: unknown,fossil gas: natural gas,operating,9.328504,78.923287,approximate,Tamil Nadu,150.0,MW,1,,,,GEM GOGPT (Global Oil and Gas Plant Tracker (GOGPT) - August 2026.xlsx)
L100000408400,Ankleshwar Caustic Plant power station,oil_gas_power_plant,,"fossil gas: natural gas, coal: unknown",operating,21.638747,73.183,exact,Gujarat,50.0,MW,1,,,,GEM GOGPT (Global Oil and Gas Plant Tracker (GOGPT) - August 2026.xlsx)
L100000304958,"Ankleshwar Oil and Gas Field (Gujarat, India)",oil_gas_field,,oil and gas,operating,21.595,72.93,exact,Gujarat,,,1,,onshore,Oil and Natural Gas Corporation,GEM GOGET (Global-Oil-and-Gas-Extraction-Tracker-March-2026.xlsx)
L100000321269,Cluster 2 Oil and Gas Field (India),oil_gas_field,,oil and gas,operating,16.282,82.207,approximate,,,,1,,offshore,Oil and Natural Gas Corporation,GEM GOGET (Global-Oil-and-Gas-Extraction-Tracker-March-2026.xlsx)
L100000321265,D-1 Oil and Gas Field (India),oil_gas_field,,oil and gas,operating,18.711,71.076,exact,,,,1,,offshore,Oil and Natural Gas Corporation,GEM GOGET (Global-Oil-and-Gas-Extraction-Tracker-March-2026.xlsx)
L100000321309,Daman Gas Field (India),oil_gas_field,,gas,operating,20.3947,72.6253,approximate,,,,1,,offshore,Oil and Natural Gas Corporation,GEM GOGET (Global-Oil-and-Gas-Extraction-Tracker-March-2026.xlsx)
L100000321264,Deen Dayal West Oil and Gas Field (India),oil_gas_field,,oil and gas,operating,17.054,82.531,approximate,,,,1,,offshore,Oil and Natural Gas Corporation,GEM GOGET (Global-Oil-and-Gas-Extraction-Tracker-March-2026.xlsx)
L100000321308,"Geleki Oil and Gas Field (Assam, India)",oil_gas_field,,oil and gas,operating,26.769,94.692,exact,Assam,,,1,,onshore,ONGC,GEM GOGET (Global-Oil-and-Gas-Extraction-Tracker-March-2026.xlsx)
L100000321253,Kuthalam Oil and Gas Field (India),oil_gas_field,,oil and gas,operating,11.075,79.56,exact,,,,1,,onshore,Oil and Natural Gas Corporation,GEM GOGET (Global-Oil-and-Gas-Extraction-Tracker-March-2026.xlsx)
L100000313100,MJ Gas Field (India),oil_gas_field,,gas,operating,16.529,83.9559,approximate,,,,1,,offshore,Reliance Industries,GEM GOGET (Global-Oil-and-Gas-Extraction-Tracker-March-2026.xlsx)
L100000321266,"Raageshwari Deep Gas Oil and Gas Field (Rajasthan, India)",oil_gas_field,,oil and gas,operating,25.266,71.786,approximate,Rajasthan,,,1,,onshore,Vedanta,GEM GOGET (Global-Oil-and-Gas-Extraction-Tracker-March-2026.xlsx)
L100000321311,Ratna Oil and Gas Field (India),oil_gas_field,,oil and gas,operating,18.313,72.396,exact,,,,1,,offshore,Oil and Natural Gas Corporation,GEM GOGET (Global-Oil-and-Gas-Extraction-Tracker-March-2026.xlsx)
L100000313098,R Cluster Gas Field (India),oil_gas_field,,gas,operating,16.177,82.618,exact,,,,1,,offshore,Reliance Industries,GEM GOGET (Global-Oil-and-Gas-Extraction-Tracker-March-2026.xlsx)
L100000318252,"SSG/SSF Oil and Gas Asset (Rajasthan, India)",oil_gas_field,,oil and gas,operating,26.4613,73.6586,approximate,Rajasthan,,,1,,onshore,Focus Energy,GEM GOGET (Global-Oil-and-Gas-Extraction-Tracker-March-2026.xlsx)
L100000318025,Vasai Oil and Gas Field (India),oil_gas_field,,oil and gas,operating,19.0558,71.8554,exact,,,,1,,offshore,Oil and Natural Gas Corporation,GEM GOGET (Global-Oil-and-Gas-Extraction-Tracker-March-2026.xlsx)
L100000321297,Vasistha Gas Field (India),oil_gas_field,,gas,operating,16.2521,82.2678,approximate,,,,1,,offshore,Oil and Natural Gas Corporation,GEM GOGET (Global-Oil-and-Gas-Extraction-Tracker-March-2026.xlsx)
T100000130427,Dahej LNG Terminal,lng_terminal,import,LNG,operating,21.6746,72.536,exact,Gujarat,17.5,Mtpa,2,,,,GEM GGIT LNG (GEM-GGIT-LNG-Teminals-2025-09.xlsx)
T100000130429,Dabhol LNG Terminal,lng_terminal,import,LNG,operating,17.54,73.16,exact,Maharashtra,5.0,Mtpa,2,,,,GEM GGIT LNG (GEM-GGIT-LNG-Teminals-2025-09.xlsx)
T100000130431,Dhamra LNG Terminal,lng_terminal,import,LNG,operating,20.821109,86.965264,exact,,5.0,Mtpa,1,,,,GEM GGIT LNG (GEM-GGIT-LNG-Teminals-2025-09.xlsx)
T100000130439,Hazira LNG Terminal,lng_terminal,import,LNG,operating,21.098,72.624,exact,Gujarat,5.2,Mtpa,1,,,,GEM GGIT LNG (GEM-GGIT-LNG-Teminals-2025-09.xlsx)
T100000130447,Kochi LNG Terminal,lng_terminal,import,LNG,operating,9.9787,76.2261,exact,Kerala,5.0,Mtpa,1,,,,GEM GGIT LNG (GEM-GGIT-LNG-Teminals-2025-09.xlsx)
T100000130455,Mundra LNG Terminal,lng_terminal,import,LNG,operating,22.7374322,69.6668651,exact,Gujarat,5.0,Mtpa,1,,,,GEM GGIT LNG (GEM-GGIT-LNG-Teminals-2025-09.xlsx)
T100000130662,Ennore LNG Terminal,lng_terminal,import,LNG,operating,13.259407,80.337425,approximate,Tamil Nadu,5.0,Mtpa,1,,,Indian Oil LNG,GEM GGIT LNG (GEM-GGIT-LNG-Teminals-2025-09.xlsx)
T100000130800,Chhara LNG Terminal,lng_terminal,import,LNG,operating,20.72124,70.749983,exact,Gujarat,5.0,Mtpa,1,,,,GEM GGIT LNG (GEM-GGIT-LNG-Teminals-2025-09.xlsx)
L100000102032,Balaji Cement power station,coal_power_plant,captive: cement & building,unknown,operating,16.8704884,80.0220166,exact,Andhra Pradesh,35.0,MW,1,,,UltraTech Cement Ltd [100%],GEM GCPT (Global-Coal-Plant-Tracker-July-2026.xlsx)
L100000102033,Bander power station,coal_power_plant,,unknown,operating,14.351195,80.143086,exact,Andhra Pradesh,1320.0,MW,2,,,Sembcorp Energy India Ltd [100%],GEM GCPT (Global-Coal-Plant-Tracker-July-2026.xlsx)
L100000102038,Dr. Narla Tata Rao Thermal power station,coal_power_plant,,bituminous; unknown,operating,16.5984901,80.5365853,exact,Andhra Pradesh,2560.0,MW,8,,,Andhra Pradesh Power Development Co Ltd [100%],GEM GCPT (Global-Coal-Plant-Tracker-July-2026.xlsx)
L100000102040,East Godavari Mill power station,coal_power_plant,captive: pulp & paper,unknown,operating,17.029896,81.772481,exact,Andhra Pradesh,34.0,MW,1,,,Andhra Paper Ltd [100%],GEM GCPT (Global-Coal-Plant-Tracker-July-2026.xlsx)
L100000102052,Makavarapalem Smelter power station,coal_power_plant,captive: aluminum,unknown,operating,17.5939558,82.743769,exact,Andhra Pradesh,90.0,MW,2,,,Pioneer Aluminum Industries Ltd [100%],GEM GCPT (Global-Coal-Plant-Tracker-July-2026.xlsx)
L100000102053,Meenakshi Energy Thermal Power Project,coal_power_plant,,unknown,operating,14.211195,80.090062,exact,Andhra Pradesh,1000.0,MW,4,,,Meenakshi Energy Ltd [100%],GEM GCPT (Global-Coal-Plant-Tracker-July-2026.xlsx)
L100000102055,Muthukur Mandal power station (Painampuram),coal_power_plant,,unknown,operating,14.351195,80.143086,exact,Andhra Pradesh,1320.0,MW,2,,,Sembcorp Energy India Ltd [100%],GEM GCPT (Global-Coal-Plant-Tracker-July-2026.xlsx)
L100000102059,Nellore power station,coal_power_plant,,unknown,operating,14.490572,79.986949,exact,Andhra Pradesh,30.0,MW,1,,,Andhra Pradesh Power Generation Corp Ltd [100%],GEM GCPT (Global-Coal-Plant-Tracker-July-2026.xlsx)
L100000102066,Rayalaseema Thermal Power Project,coal_power_plant,,bituminous,operating,14.697282,78.459364,exact,Andhra Pradesh,1650.0,MW,6,,,Andhra Pradesh Power Development Co Ltd [100%],GEM GCPT (Global-Coal-Plant-Tracker-July-2026.xlsx)
L100000102067,Saggonda power station,coal_power_plant,,unknown,operating,17.1779964,81.6113929,exact,Andhra Pradesh,33.0,MW,1,,,The Andhra Sugars Ltd [100%],GEM GCPT (Global-Coal-Plant-Tracker-July-2026.xlsx)
L100000102068,Simhadri power station,coal_power_plant,,bituminous; unknown,operating,17.591,83.09166,exact,Andhra Pradesh,2000.0,MW,4,,,NTPC Ltd [100%],GEM GCPT (Global-Coal-Plant-Tracker-July-2026.xlsx)
L100000102071,Sri Damodaram Sanjeevaiah Thermal Power Station,coal_power_plant,,bituminous; unknown,operating,14.327604,80.122105,exact,Andhra Pradesh,2400.0,MW,3,,,Andhra Pradesh Power Development Co Ltd [100%],GEM GCPT (Global-Coal-Plant-Tracker-July-2026.xlsx)
L100000102073,Simhapuri Thamminapatnam power station,coal_power_plant,,unknown,operating,14.204576,80.086636,exact,Andhra Pradesh,600.0,MW,4,,,Simhapuri Energy Ltd [100%],GEM GCPT (Global-Coal-Plant-Tracker-July-2026.xlsx)
L100000102079,Visakhapatnam Sarda power station,coal_power_plant,captive: other metals & mining,unknown,operating,17.7202459,83.2717317,exact,Andhra Pradesh,84.0,MW,1,,,Sarda Metals & Alloys Ltd [100%],GEM GCPT (Global-Coal-Plant-Tracker-July-2026.xlsx)
L100000102081,Vizag Simhadri power station,coal_power_plant,captive: iron & steel,unknown,operating,17.636926,83.193133,exact,Andhra Pradesh,50.0,MW,1,,,Steel Exchange India Ltd [100%],GEM GCPT (Global-Coal-Plant-Tracker-July-2026.xlsx)
L100000102083,Vizag Thermal Power Plant,coal_power_plant,,unknown,operating,17.563642,83.138877,exact,Andhra Pradesh,1040.0,MW,2,,,Hinduja National Power Corporation Ltd [100%],GEM GCPT (Global-Coal-Plant-Tracker-July-2026.xlsx)
L100000102085,Bongaigaon power station,coal_power_plant,,bituminous,operating,26.44437,90.367205,exact,Assam,750.0,MW,3,,,NTPC Ltd [100%],GEM GCPT (Global-Coal-Plant-Tracker-July-2026.xlsx)
L100000102090,Barauni power station,coal_power_plant,,bituminous,operating,25.391376,86.023488,exact,Bihar,500.0,MW,2,,,NTPC Ltd [100%],GEM GCPT (Global-Coal-Plant-Tracker-July-2026.xlsx)
L100000102092,Barh I power station,coal_power_plant,,unknown,operating,25.4865,85.74516,exact,Bihar,1980.0,MW,3,,,NTPC Ltd [100%],GEM GCPT (Global-Coal-Plant-Tracker-July-2026.xlsx)
L100000102093,Barh II power station,coal_power_plant,,unknown,operating,25.4865,85.74516,exact,Bihar,1320.0,MW,2,,,NTPC Ltd [100%],GEM GCPT (Global-Coal-Plant-Tracker-July-2026.xlsx)
L100000102095,Buxar Thermal Power Station,coal_power_plant,,unknown,operating,25.462349,83.882568,exact,Bihar,660.0,MW,1,,,SJVN Thermal Pvt Ltd [100%],GEM GCPT (Global-Coal-Plant-Tracker-July-2026.xlsx)
L100000102104,Kahalgaon Super Thermal Power Plant,coal_power_plant,,lignite,operating,25.236903,87.265595,exact,Bihar,2340.0,MW,7,,,NTPC Ltd [100%],GEM GCPT (Global-Coal-Plant-Tracker-July-2026.xlsx)
L100000102112,Muzaffarpur power station,coal_power_plant,,bituminous; unknown,operating,26.194771,85.303302,exact,Bihar,390.0,MW,2,,,NTPC Ltd [100%],GEM GCPT (Global-Coal-Plant-Tracker-July-2026.xlsx)
L100000102113,Nabinagar Super Thermal Power Project,coal_power_plant,,unknown,operating,24.776,84.158025,exact,Bihar,1980.0,MW,3,,,NTPC Ltd [100%],GEM GCPT (Global-Coal-Plant-Tracker-July-2026.xlsx)
L100000102114,Nabinagar Thermal Power Project,coal_power_plant,,unknown,operating,24.705081,84.088738,exact,Bihar,1000.0,MW,4,,,Bhartiya Rail Bijlee Co Ltd [100%],GEM GCPT (Global-Coal-Plant-Tracker-July-2026.xlsx)
L100000102121,Adani Raigarh Thermal Power Plant,coal_power_plant,,bituminous,operating,21.743775,83.274093,exact,Chhattisgarh,600.0,MW,1,,,Adani Power Ltd [100%],GEM GCPT (Global-Coal-Plant-Tracker-July-2026.xlsx)
L100000102123,Arasmeta Cement Plant power station,coal_power_plant,captive: cement & building,unknown,operating,21.9622663,82.3544027,exact,Chhattisgarh,86.0,MW,2,,,KSK Energy Ventures Ltd [100%],GEM GCPT (Global-Coal-Plant-Tracker-July-2026.xlsx)
L100000102124,Athena Chhattisgarh power station,coal_power_plant,,unknown,operating,21.906765,83.129001,exact,Chhattisgarh,600.0,MW,1,,,Athena Chattisgarh Power Ltd [100%],GEM GCPT (Global-Coal-Plant-Tracker-July-2026.xlsx)
L100000102125,BALCO Korba power station,coal_power_plant,captive: aluminum,bituminous; unknown,operating,22.3930944,82.7439443,exact,Chhattisgarh,2010.0,MW,12,,,Bharat Aluminium Co Ltd [100%],GEM GCPT (Global-Coal-Plant-Tracker-July-2026.xlsx)
L100000102127,Baradarha power station,coal_power_plant,,subbituminous,operating,21.911436,83.188863,exact,Chhattisgarh,1200.0,MW,2,,,DB Power Ltd [100%],GEM GCPT (Global-Coal-Plant-Tracker-July-2026.xlsx)
L100000102130,Bhandhakhar power station,coal_power_plant,,unknown,operating,22.340954,82.430603,exact,Chhattisgarh,300.0,MW,1,,,Maruti Clean Coal and Power Ltd [100%],GEM GCPT (Global-Coal-Plant-Tracker-July-2026.xlsx)
L100000102132,Bhilai Steel power station,coal_power_plant,captive: iron & steel,unknown,operating,21.184,81.4237,exact,Chhattisgarh,560.0,MW,4,,,NTPC-SAIL Power Co Ltd [100%],GEM GCPT (Global-Coal-Plant-Tracker-July-2026.xlsx)
L100000102133,Binjkote power station,coal_power_plant,,unknown,operating,22.010422,83.205779,exact,Chhattisgarh,600.0,MW,2,,,SKS Power Generation Chhattisgarh Ltd [100%],GEM GCPT (Global-Coal-Plant-Tracker-July-2026.xlsx)
L100000102137,Chakabura power station,coal_power_plant,,waste coal,operating,22.393653,82.553249,exact,Chhattisgarh,30.0,MW,1,,,ACB (India) Ltd [100%],GEM GCPT (Global-Coal-Plant-Tracker-July-2026.xlsx)
L100000102142,Dongamahua Captive Power Plant,coal_power_plant,captive: iron & steel,unknown,operating,22.1279449,83.5359192,exact,Chhattisgarh,540.0,MW,4,,,Jindal Steel Ltd [100%],GEM GCPT (Global-Coal-Plant-Tracker-July-2026.xlsx)
L100000102143,Dr. Shyama Prasad Mukherjee Thermal Power Station,coal_power_plant,,bituminous,operating,22.368196,82.721986,exact,Chhattisgarh,500.0,MW,2,,,Chhattisgarh State Power Generation Co Ltd [100%],GEM GCPT (Global-Coal-Plant-Tracker-July-2026.xlsx)
L100000102148,Hasdeo Thermal Power Station,coal_power_plant,,bituminous,operating,22.412536,82.682187,exact,Chhattisgarh,1340.0,MW,5,,,Chhattisgarh State Power Generation Co Ltd [100%],GEM GCPT (Global-Coal-Plant-Tracker-July-2026.xlsx)
L100000102149,Hathneora Captive Power Plant,coal_power_plant,captive: iron & steel,bituminous,operating,22.003538,82.6689,exact,Chhattisgarh,162.5,MW,1,,,Prakash Industries Ltd [100%],GEM GCPT (Global-Coal-Plant-Tracker-July-2026.xlsx)
L100000102152,Kasaipalli power station,coal_power_plant,,waste coal,operating,22.38895,82.5549,exact,Chhattisgarh,270.0,MW,2,,,ACB (India) Ltd [100%],GEM GCPT (Global-Coal-Plant-Tracker-July-2026.xlsx)
L100000102153,Katghora power station,coal_power_plant,,unknown,operating,22.489779,82.60618,exact,Chhattisgarh,35.0,MW,1,,,Vandana Vidhyut Ltd [100%],GEM GCPT (Global-Coal-Plant-Tracker-July-2026.xlsx)
L100000102157,Korba Super Thermal Power Station (NTPC),coal_power_plant,,bituminous,operating,22.3874221,82.6818961,exact,Chhattisgarh,2600.0,MW,7,,,NTPC Ltd [100%],GEM GCPT (Global-Coal-Plant-Tracker-July-2026.xlsx)
L100000102159,KSK Mahanadi Power Project,coal_power_plant,,unknown,operating,21.960296,82.409064,exact,Chhattisgarh,1800.0,MW,3,,,KSK Mahanadi Power Co Ltd [100%],GEM GCPT (Global-Coal-Plant-Tracker-July-2026.xlsx)
L100000102162,Korba Power Thermal Power Plant (Adani),coal_power_plant,,bituminous,operating,22.2454,82.7246,exact,Chhattisgarh,600.0,MW,2,,,Korba Power Ltd [100%],GEM GCPT (Global-Coal-Plant-Tracker-July-2026.xlsx)
L100000102164,Lara Integrated Thermal Power Project,coal_power_plant,,unknown,operating,21.757661,83.457545,exact,Chhattisgarh,1600.0,MW,2,,,NTPC Ltd [100%],GEM GCPT (Global-Coal-Plant-Tracker-July-2026.xlsx)
L100000102165,Marwa power station,coal_power_plant,,subbituminous,operating,22.070801,82.602189,exact,Chhattisgarh,1000.0,MW,2,,,Chhattisgarh State Power Generation Co Ltd [100%],GEM GCPT (Global-Coal-Plant-Tracker-July-2026.xlsx)
L100000102167,Raigarh Ind Power power station,coal_power_plant,,unknown,operating,21.871813,83.4973385,exact,Chhattisgarh,65.0,MW,1,,,Ind Power Ltd [100%],GEM GCPT (Global-Coal-Plant-Tracker-July-2026.xlsx)
L100000102168,Raigarh Jindal power station,coal_power_plant,captive: iron & steel,waste coal,operating,21.924951,83.345444,exact,Chhattisgarh,240.0,MW,3,,,Jindal Steel Ltd [100%],GEM GCPT (Global-Coal-Plant-Tracker-July-2026.xlsx)
L100000102169,Raigarh TRN Power Project,coal_power_plant,,unknown,operating,21.906738,83.128556,exact,Chhattisgarh,600.0,MW,2,,,TRN Energy Pvt Ltd [100%],GEM GCPT (Global-Coal-Plant-Tracker-July-2026.xlsx)
L100000102172,JSW Ispat Raigarh power station,coal_power_plant,captive: iron & steel,unknown,operating,21.987781,83.231306,exact,Chhattisgarh,151.0,MW,1,,,Mivaan Steels Ltd [100%],GEM GCPT (Global-Coal-Plant-Tracker-July-2026.xlsx)
L100000102173,Raikheda power station,coal_power_plant,,bituminous,operating,21.449918,81.852474,exact,Chhattisgarh,1370.0,MW,2,,,Adani Power Ltd [100%],GEM GCPT (Global-Coal-Plant-Tracker-July-2026.xlsx)
L100000102174,Raipur Jain power station,coal_power_plant,captive: iron & steel,unknown,operating,21.311968,81.6131832,exact,Chhattisgarh,45.0,MW,1,,,Hira Power and Steels Ltd [100%],GEM GCPT (Global-Coal-Plant-Tracker-July-2026.xlsx)
L100000102175,Raipur Neco power station,coal_power_plant,,unknown,operating,21.3437612,81.672524,exact,Chhattisgarh,55.0,MW,1,,,Jayaswal Neco Industries Ltd [100%],GEM GCPT (Global-Coal-Plant-Tracker-July-2026.xlsx)
L100000102176,Raipur Sponge Iron power station,coal_power_plant,captive: iron & steel,unknown,operating,21.987781,83.231306,exact,Chhattisgarh,37.5,MW,1,,,JSW Steel Ltd [100%],GEM GCPT (Global-Coal-Plant-Tracker-July-2026.xlsx)
L100000102177,Ratija Power Project,coal_power_plant,,waste coal,operating,22.339994,82.492776,exact,Chhattisgarh,100.0,MW,2,,,ACB (India) Ltd [100%],GEM GCPT (Global-Coal-Plant-Tracker-July-2026.xlsx)
L100000102178,Rawan Cement power station,coal_power_plant,captive: cement & building,unknown,operating,24.764914,74.609613,exact,Rajasthan,30.0,MW,1,,,UltraTech Cement Ltd [100%],GEM GCPT (Global-Coal-Plant-Tracker-July-2026.xlsx)
L100000102179,Salora power station,coal_power_plant,,bituminous,operating,22.489952,82.606239,exact,Chhattisgarh,135.0,MW,1,,,Vandana Vidhyut Ltd [100%],GEM GCPT (Global-Coal-Plant-Tracker-July-2026.xlsx)
L100000102183,Siltara SKS power station,coal_power_plant,captive: other metals & mining,unknown,operating,21.391385,81.646357,exact,Chhattisgarh,30.0,MW,1,,,SKS Power Generation Chhattisgarh Ltd [100%],GEM GCPT (Global-Coal-Plant-Tracker-July-2026.xlsx)
L100000102184,Siltara Works power station,coal_power_plant,captive: other metals & mining,unknown,operating,21.3732303,81.6844096,exact,Chhattisgarh,30.0,MW,1,,,Godawari Power and Ispat Ltd [100%],GEM GCPT (Global-Coal-Plant-Tracker-July-2026.xlsx)
L100000102185,Sipat power station,coal_power_plant,,unknown,operating,22.131662,82.29035,exact,Chhattisgarh,2980.0,MW,5,,,NTPC Ltd [100%],GEM GCPT (Global-Coal-Plant-Tracker-July-2026.xlsx)
L100000102188,SVPL power station,coal_power_plant,,waste coal,operating,22.292,82.5254,exact,Chhattisgarh,63.0,MW,1,,,ACB (India) Ltd [100%],GEM GCPT (Global-Coal-Plant-Tracker-July-2026.xlsx)
L100000102189,Tamnar power station,coal_power_plant,,unknown,operating,22.098747,83.451312,exact,Chhattisgarh,3400.0,MW,8,,,Jindal Steel Ltd [100%],GEM GCPT (Global-Coal-Plant-Tracker-July-2026.xlsx)
L100000102190,Uchpinda power station,coal_power_plant,,bituminous,operating,21.8864,83.12081,exact,Chhattisgarh,1440.0,MW,4,,,RKM Powergen Pvt Ltd [100%],GEM GCPT (Global-Coal-Plant-Tracker-July-2026.xlsx)
L100000102193,Akrimota Power Project,coal_power_plant,,lignite,operating,23.7724998,68.6455556,exact,Gujarat,250.0,MW,2,,,Gujarat Mineral Development Co Ltd [100%],GEM GCPT (Global-Coal-Plant-Tracker-July-2026.xlsx)
L100000102194,Ambujanagar Cement Plant power station,coal_power_plant,captive: cement & building,unknown,operating,20.835455,70.69554,exact,Gujarat,90.0,MW,3,,,Ambuja Cements Ltd [100%],GEM GCPT (Global-Coal-Plant-Tracker-July-2026.xlsx)
L100000102197,Bhadreshwar power station (OPG),coal_power_plant,,lignite,operating,22.896182,69.896263,exact,Gujarat,300.0,MW,2,,,OPG Power Ventures PLC [100%],GEM GCPT (Global-Coal-Plant-Tracker-July-2026.xlsx)
L100000102199,Bhavnagar power station,coal_power_plant,,lignite,operating,21.583152,72.222179,exact,Gujarat,500.0,MW,2,,,Gujarat State Electricity Corporation Ltd [100%],GEM GCPT (Global-Coal-Plant-Tracker-July-2026.xlsx)
L100000102207,Gandhinagar Thermal Power Station,coal_power_plant,,bituminous,operating,23.249722,72.673889,exact,Gujarat,630.0,MW,3,,,Gujarat State Electricity Corporation Ltd [100%],GEM GCPT (Global-Coal-Plant-Tracker-July-2026.xlsx)
L100000102210,Hazira power station (Essar),coal_power_plant,captive: iron & steel,unknown,operating,21.119078,72.640545,exact,Gujarat,270.0,MW,2,,,Essar Power Ltd [100%],GEM GCPT (Global-Coal-Plant-Tracker-July-2026.xlsx)
L100000102213,Kutch GSECL power station,coal_power_plant,,lignite,operating,23.663934,68.784128,exact,Gujarat,150.0,MW,2,,,Gujarat State Electricity Corporation Ltd [100%],GEM GCPT (Global-Coal-Plant-Tracker-July-2026.xlsx)
L100000102214,Kutch Welspun power station,coal_power_plant,captive: iron & steel,unknown,operating,23.1175,70.0822,exact,Gujarat,123.0,MW,2,,,Welspun Captive Power Generation Ltd [100%],GEM GCPT (Global-Coal-Plant-Tracker-July-2026.xlsx)
L100000102217,Mundra Thermal Power Project (Adani),coal_power_plant,,bituminous,operating,22.8235596,69.5511094,exact,Gujarat,4620.0,MW,9,,,Adani Power Ltd [100%],GEM GCPT (Global-Coal-Plant-Tracker-July-2026.xlsx)
L100000102223,Sabarmati power station,coal_power_plant,,bituminous,operating,23.070555,72.593889,exact,Gujarat,362.0,MW,3,,,Torrent Power Ltd [100%],GEM GCPT (Global-Coal-Plant-Tracker-July-2026.xlsx)
L100000102224,Salaya power plant,coal_power_plant,captive: oil & refining,unknown,operating,22.3049,69.7101,exact,Gujarat,1200.0,MW,2,,,Essar Power Gujarat Ltd [100%],GEM GCPT (Global-Coal-Plant-Tracker-July-2026.xlsx)
L100000102225,Sikka Thermal Power Station,coal_power_plant,,unknown,operating,22.420828,69.8276,exact,Gujarat,500.0,MW,2,,,Gujarat State Electricity Corporation Ltd [100%],GEM GCPT (Global-Coal-Plant-Tracker-July-2026.xlsx)
L100000102228,Surat Lignite Power Plant,coal_power_plant,,lignite,operating,21.397304,73.106993,exact,Gujarat,500.0,MW,4,,,Gujarat Industries Power Co Ltd [100%],GEM GCPT (Global-Coal-Plant-Tracker-July-2026.xlsx)
L100000102230,Tata Mundra Ultra Mega Power Project,coal_power_plant,,subbituminous,operating,22.8158,69.5281,exact,Gujarat,4000.0,MW,5,,,Tata Power Company Ltd [100%],GEM GCPT (Global-Coal-Plant-Tracker-July-2026.xlsx)
L100000102231,Ukai Thermal Power Station,coal_power_plant,,bituminous,operating,21.2093,73.5574,exact,Gujarat,1110.0,MW,4,,,Gujarat State Electricity Corporation Ltd [100%],GEM GCPT (Global-Coal-Plant-Tracker-July-2026.xlsx)
L100000102232,Vilayat Caustic power station,coal_power_plant,captive: chemicals,unknown,operating,21.7777531,72.9024971,exact,Gujarat,90.0,MW,3,,,Grasim Industries Ltd [100%],GEM GCPT (Global-Coal-Plant-Tracker-July-2026.xlsx)
L100000102233,Wanakbori Thermal Power Station,coal_power_plant,,unknown,operating,22.8725375,73.3588028,exact,Gujarat,2270.0,MW,8,,,Gujarat State Electricity Corporation Ltd [100%],GEM GCPT (Global-Coal-Plant-Tracker-July-2026.xlsx)
L100000102234,Deenbandhu Chhotu Ram Thermal Power Plant,coal_power_plant,,unknown,operating,30.1075175,77.3267646,exact,Haryana,600.0,MW,2,,,Haryana Power Generation Co Ltd [100%],GEM GCPT (Global-Coal-Plant-Tracker-July-2026.xlsx)
L100000102237,Indira Gandhi Super Thermal Power Project,coal_power_plant,,bituminous,operating,28.485091,76.37316,exact,Haryana,1500.0,MW,3,,,Aravali Power Company Pvt Ltd [100%],GEM GCPT (Global-Coal-Plant-Tracker-July-2026.xlsx)
L100000102238,Mahatma Gandhi power station,coal_power_plant,,bituminous,operating,28.488143,76.352534,exact,Haryana,1320.0,MW,2,,,Jindal Jhajjar Power Ltd [100%],GEM GCPT (Global-Coal-Plant-Tracker-July-2026.xlsx)
L100000102239,Panipat power station,coal_power_plant,,bituminous,operating,29.3975059,76.8763161,exact,Haryana,710.0,MW,3,,,Haryana Power Generation Co Ltd [100%],GEM GCPT (Global-Coal-Plant-Tracker-July-2026.xlsx)
L100000102240,Rajiv Gandhi Thermal Power Project,coal_power_plant,,unknown,operating,29.34698,75.857538,exact,Haryana,1200.0,MW,2,,,Haryana Power Generation Co Ltd [100%],GEM GCPT (Global-Coal-Plant-Tracker-July-2026.xlsx)
L100000102243,Adani Godda power station,coal_power_plant,,unknown,operating,24.814107,87.135465,exact,Jharkhand,1600.0,MW,2,,,Adani Power Ltd [100%],GEM GCPT (Global-Coal-Plant-Tracker-July-2026.xlsx)
L100000102248,Bokaro Thermal Power Station,coal_power_plant,,bituminous,operating,23.782944,85.883391,exact,Jharkhand,500.0,MW,1,,,Damodar Valley Corp [100%],GEM GCPT (Global-Coal-Plant-Tracker-July-2026.xlsx)
L100000102250,Bokaro Steel City Thermal Power Station,coal_power_plant,captive: iron & steel,unknown,operating,23.685875,86.092944,exact,Jharkhand,326.0,MW,6,,,Bokaro Power Supply Company Pvt Ltd [100%],GEM GCPT (Global-Coal-Plant-Tracker-July-2026.xlsx)
L100000102252,Chandrapura power station,coal_power_plant,,bituminous,operating,23.7412565,86.1202088,exact,Jharkhand,500.0,MW,2,,,Damodar Valley Corp [100%],GEM GCPT (Global-Coal-Plant-Tracker-July-2026.xlsx)
L100000102263,Gola power station,coal_power_plant,,unknown,operating,23.48362,85.657485,exact,Jharkhand,63.0,MW,1,,,Inland Power Ltd [100%],GEM GCPT (Global-Coal-Plant-Tracker-July-2026.xlsx)
L100000102265,Jamshedpur Works power station,coal_power_plant,captive: iron & steel,unknown,operating,22.787368,86.200088,exact,Jharkhand,90.0,MW,3,,,Tata Steel Ltd [100%],GEM GCPT (Global-Coal-Plant-Tracker-July-2026.xlsx)
L100000102268,Jojobera Power Plant,coal_power_plant,captive: iron & steel,unknown,operating,22.7554,86.2491,exact,Jharkhand,547.5,MW,5,,,Tata Power Company Ltd [100%],GEM GCPT (Global-Coal-Plant-Tracker-July-2026.xlsx)
L100000102272,Koderma Thermal Power Station,coal_power_plant,,unknown,operating,24.391534,85.561899,exact,Jharkhand,1000.0,MW,2,,,Damodar Valley Corp [100%],GEM GCPT (Global-Coal-Plant-Tracker-July-2026.xlsx)
L100000102275,Mahadev Prasad Super Thermal Power Plant,coal_power_plant,,unknown,operating,22.836504,86.061294,exact,Jharkhand,540.0,MW,2,,,Adhunik Power and Natural Resources Ltd [100%],GEM GCPT (Global-Coal-Plant-Tracker-July-2026.xlsx)
L100000102276,Maithon Right Bank Thermal Power Station,coal_power_plant,,unknown,operating,23.8209,86.76,exact,Jharkhand,1050.0,MW,2,,,Maithon Power Ltd [100%],GEM GCPT (Global-Coal-Plant-Tracker-July-2026.xlsx)
L100000102278,North Karanpura power station,coal_power_plant,,unknown,operating,23.850772,85.012411,exact,Jharkhand,1980.0,MW,3,,,NTPC Ltd [100%],GEM GCPT (Global-Coal-Plant-Tracker-July-2026.xlsx)
L100000102279,Palamau Plant power station,coal_power_plant,captive: chemicals,unknown,operating,24.22902,83.885832,exact,Jharkhand,60.0,MW,2,,,Grasim Industries Ltd [100%],GEM GCPT (Global-Coal-Plant-Tracker-July-2026.xlsx)
L100000102281,Patratu JSEB power station,coal_power_plant,,unknown,operating,23.64,85.2931,exact,Jharkhand,1600.0,MW,2,,,Patratu Vidyut Utpadan Nigam Ltd [100%],GEM GCPT (Global-Coal-Plant-Tracker-July-2026.xlsx)
L100000102287,Tenughat power station,coal_power_plant,,bituminous,operating,23.7276632,85.7652325,exact,Jharkhand,420.0,MW,2,,,Tenughat Vidyut Nigam Ltd [100%],GEM GCPT (Global-Coal-Plant-Tracker-July-2026.xlsx)
L100000102293,Bellary Thermal Power Station,coal_power_plant,,unknown,operating,15.1931738,76.7195034,exact,Karnataka,1700.0,MW,3,,,Karnataka Power Corp Ltd [100%],GEM GCPT (Global-Coal-Plant-Tracker-July-2026.xlsx)
L100000102295,Danapuram BMM power station,coal_power_plant,captive: iron & steel,unknown,operating,15.170332,76.379077,exact,Karnataka,235.0,MW,2,,,BMM Ispat Ltd [100%],GEM GCPT (Global-Coal-Plant-Tracker-July-2026.xlsx)
L100000102303,JSW Vijayanagar Toranagallu power station,coal_power_plant,captive: iron & steel,unknown,operating,15.186771,76.6621387,exact,Karnataka,860.0,MW,4,,,JSW Energy Ltd [100%],GEM GCPT (Global-Coal-Plant-Tracker-July-2026.xlsx)
L100000102306,Kudgi Super Thermal Power Project,coal_power_plant,,unknown,operating,16.499546,75.834632,exact,Karnataka,2400.0,MW,3,,,NTPC Ltd [100%],GEM GCPT (Global-Coal-Plant-Tracker-July-2026.xlsx)
L100000102309,Raichur Thermal Power Station,coal_power_plant,,subbituminous,operating,16.3532,77.3422,exact,Karnataka,1720.0,MW,8,,,Karnataka Power Corp Ltd [100%],GEM GCPT (Global-Coal-Plant-Tracker-July-2026.xlsx)
L100000102311,Udupi power station,coal_power_plant,,unknown,operating,13.1596,74.8002,exact,Karnataka,1200.0,MW,2,,,Adani Power Ltd [100%],GEM GCPT (Global-Coal-Plant-Tracker-July-2026.xlsx)
L100000102312,Vadlur power station,coal_power_plant,captive: iron & steel,unknown,operating,16.3015842,77.3615384,exact,Karnataka,35.0,MW,1,,,Surana Power Ltd [100%],GEM GCPT (Global-Coal-Plant-Tracker-July-2026.xlsx)
L100000102315,Yermarus power station,coal_power_plant,,unknown,operating,16.295261,77.35612,exact,Karnataka,1600.0,MW,2,,,Raichur Power Corp Ltd [100%],GEM GCPT (Global-Coal-Plant-Tracker-July-2026.xlsx)
L100000102318,Anuppur Thermal Power Project (MB Power),coal_power_plant,,unknown,operating,23.073731,81.784286,exact,Madhya Pradesh,1260.0,MW,2,,,MB Power (Madhya Pradesh) Ltd [100%],GEM GCPT (Global-Coal-Plant-Tracker-July-2026.xlsx)
L100000102324,Bina Thermal Power Project,coal_power_plant,,unknown,operating,24.317222,78.133564,exact,Madhya Pradesh,500.0,MW,2,,,Jaiprakash Power Ventures Ltd [100%],GEM GCPT (Global-Coal-Plant-Tracker-July-2026.xlsx)
L100000102331,Gadarwara power station (BLA),coal_power_plant,,unknown,operating,22.958166,78.732893,exact,Madhya Pradesh,90.0,MW,2,,,BLA Power Pvt Ltd [100%],GEM GCPT (Global-Coal-Plant-Tracker-July-2026.xlsx)
L100000102332,Gadarwara Super Thermal Power Project,coal_power_plant,,unknown,operating,22.861752,78.866129,exact,Madhya Pradesh,1600.0,MW,2,,,NTPC Ltd [100%],GEM GCPT (Global-Coal-Plant-Tracker-July-2026.xlsx)
L100000102338,Jaypee Nigrie Super Thermal Power Project,coal_power_plant,,lignite,operating,24.14997,81.904525,exact,Madhya Pradesh,1320.0,MW,2,,,Jaiprakash Power Ventures Ltd [100%],GEM GCPT (Global-Coal-Plant-Tracker-July-2026.xlsx)
L100000102340,NTPC Seoni power station,coal_power_plant,,unknown,operating,22.735479,79.912341,exact,Madhya Pradesh,600.0,MW,1,,,Jhabua Power Ltd [100%],GEM GCPT (Global-Coal-Plant-Tracker-July-2026.xlsx)
L100000102345,Khargone power station,coal_power_plant,,unknown,operating,22.065169,75.851943,exact,Madhya Pradesh,1320.0,MW,2,,,NTPC Ltd [100%],GEM GCPT (Global-Coal-Plant-Tracker-July-2026.xlsx)
L100000102347,Mahan Aluminium power station,coal_power_plant,captive: aluminum,unknown,operating,24.220902,82.437197,exact,Madhya Pradesh,900.0,MW,6,,,Hindalco Industries Ltd [100%],GEM GCPT (Global-Coal-Plant-Tracker-July-2026.xlsx)
L100000102348,Mahan Super Thermal Power Project,coal_power_plant,,unknown,operating,24.008674,82.41703,exact,Madhya Pradesh,1200.0,MW,2,,,Mahan Energen Ltd [100%],GEM GCPT (Global-Coal-Plant-Tracker-July-2026.xlsx)
L100000102353,MP Amarkantak power station,coal_power_plant,,bituminous,operating,23.162146,81.632816,exact,Madhya Pradesh,210.0,MW,1,,,Madhya Pradesh Power Generating Co Ltd [100%],GEM GCPT (Global-Coal-Plant-Tracker-July-2026.xlsx)
L100000102359,Sanjay Gandhi power station,coal_power_plant,,bituminous,operating,23.305744,81.064817,exact,Madhya Pradesh,1340.0,MW,5,,,Madhya Pradesh Power Generating Co Ltd [100%],GEM GCPT (Global-Coal-Plant-Tracker-July-2026.xlsx)
L100000102360,Sasan Ultra Mega Power Project,coal_power_plant,,unknown,operating,23.9775233,82.6264733,exact,Madhya Pradesh,3960.0,MW,6,,,Reliance Power Ltd [100%],GEM GCPT (Global-Coal-Plant-Tracker-July-2026.xlsx)
L100000102361,Satpura Thermal Power Station,coal_power_plant,,bituminous,operating,22.108133,78.177072,exact,Madhya Pradesh,500.0,MW,2,,,Madhya Pradesh Power Generating Co Ltd [100%],GEM GCPT (Global-Coal-Plant-Tracker-July-2026.xlsx)
L100000102366,Shree Singaji Thermal Power Project,coal_power_plant,,subbituminous; unknown,operating,22.09914,76.531727,exact,Madhya Pradesh,2520.0,MW,4,,,Madhya Pradesh Power Generating Co Ltd [100%],GEM GCPT (Global-Coal-Plant-Tracker-July-2026.xlsx)
L100000102367,Sidhi Cement Plant power station,coal_power_plant,captive: cement & building,unknown,operating,24.326294,81.332817,exact,Madhya Pradesh,155.0,MW,3,,,UltraTech Cement Ltd [100%],GEM GCPT (Global-Coal-Plant-Tracker-July-2026.xlsx)
L100000102371,Vindhyachal power station,coal_power_plant,,bituminous,operating,24.0983,82.6719,exact,Madhya Pradesh,4760.0,MW,13,,,NTPC Ltd [100%],GEM GCPT (Global-Coal-Plant-Tracker-July-2026.xlsx)
L100000102375,Amravati Thermal Power Project,coal_power_plant,,unknown,operating,21.080316,77.901242,exact,Maharashtra,1350.0,MW,5,,,RattanIndia Power Ltd [100%],GEM GCPT (Global-Coal-Plant-Tracker-July-2026.xlsx)
L100000102377,Ballarpur Bilt Power power station,coal_power_plant,captive: pulp & paper,unknown,operating,19.860468,79.339438,exact,Maharashtra,40.0,MW,1,,,Ballarpur Industries Ltd [100%],GEM GCPT (Global-Coal-Plant-Tracker-July-2026.xlsx)
L100000102379,Bela power station,coal_power_plant,,unknown,operating,20.80915,79.054892,exact,Maharashtra,270.0,MW,1,,,Ideal Energy Projects Ltd [100%],GEM GCPT (Global-Coal-Plant-Tracker-July-2026.xlsx)
L100000102384,Bhigwan Mill power station,coal_power_plant,captive: pulp & paper,unknown,operating,18.242234,74.752554,exact,Maharashtra,60.0,MW,2,,,Avantha Power & Infrastructure Ltd [100%],GEM GCPT (Global-Coal-Plant-Tracker-July-2026.xlsx)
L100000102385,Bhusawal Thermal Power Station,coal_power_plant,,bituminous,operating,21.04798,75.85502,exact,Maharashtra,1870.0,MW,4,,,Maharashtra State Power Generation Co Ltd [100%],GEM GCPT (Global-Coal-Plant-Tracker-July-2026.xlsx)
L100000102387,Butibori Power Project,coal_power_plant,,unknown,operating,20.928591,78.933281,exact,Maharashtra,600.0,MW,2,,,Adani Power Ltd [100%],GEM GCPT (Global-Coal-Plant-Tracker-July-2026.xlsx)
L100000102388,Chandrapur Thermal Power Station,coal_power_plant,,bituminous,operating,20.0063,79.29,exact,Maharashtra,2920.0,MW,7,,,Maharashtra State Power Generation Co Ltd [100%],GEM GCPT (Global-Coal-Plant-Tracker-July-2026.xlsx)
L100000102389,Chandrapur Works power station,coal_power_plant,captive: machinery,unknown,operating,20.3693717,78.8828903,exact,Maharashtra,40.0,MW,1,,,ISMT Ltd [100%],GEM GCPT (Global-Coal-Plant-Tracker-July-2026.xlsx)
L100000102391,Dahanu power station,coal_power_plant,,subbituminous,operating,19.9534834,72.748691,exact,Maharashtra,500.0,MW,2,,,Reliance Infrastructure Ltd [100%],GEM GCPT (Global-Coal-Plant-Tracker-July-2026.xlsx)
L100000102394,Dhariwal power station,coal_power_plant,,unknown,operating,20.010588,79.203433,exact,Maharashtra,600.0,MW,2,,,Dhariwal Infrastructure Pvt Ltd [100%],GEM GCPT (Global-Coal-Plant-Tracker-July-2026.xlsx)
L100000102400,GMR Warora Energy power station,coal_power_plant,,unknown,operating,20.279656,78.975351,exact,Maharashtra,600.0,MW,2,,,GMR Warora Energy Ltd [100%],GEM GCPT (Global-Coal-Plant-Tracker-July-2026.xlsx)
L100000102402,Ghugus power station,coal_power_plant,,waste coal,operating,19.92949,79.133159,exact,Maharashtra,120.0,MW,2,,,Gupta Energy Pvt Ltd [100%],GEM GCPT (Global-Coal-Plant-Tracker-July-2026.xlsx)
L100000102405,JSW Tarapur power station,coal_power_plant,captive: iron & steel,unknown,operating,19.794507,72.740525,exact,Maharashtra,30.0,MW,1,,,JSW Steel Ltd [100%],GEM GCPT (Global-Coal-Plant-Tracker-July-2026.xlsx)
L100000102406,Khaperkheda power station,coal_power_plant,,bituminous,operating,21.2818,79.116,exact,Maharashtra,1340.0,MW,5,,,Maharashtra State Power Generation Co Ltd [100%],GEM GCPT (Global-Coal-Plant-Tracker-July-2026.xlsx)
L100000102407,Khopoli Works power station,coal_power_plant,captive: iron & steel,unknown,operating,18.7707748,73.2593624,exact,Maharashtra,60.0,MW,2,,,AM/NS Khopoli Ltd [100%],GEM GCPT (Global-Coal-Plant-Tracker-July-2026.xlsx)
L100000102411,Koradi Thermal Power Station,coal_power_plant,,bituminous,operating,21.2359824,79.0919495,exact,Maharashtra,2190.0,MW,4,,,Maharashtra State Power Generation Co Ltd [100%],GEM GCPT (Global-Coal-Plant-Tracker-July-2026.xlsx)
L100000102414,Manikgarh Cement power station,coal_power_plant,captive: cement & building,unknown,operating,19.721222,79.174604,exact,Maharashtra,60.0,MW,2,,,Manikgarh Cement Co [100%],GEM GCPT (Global-Coal-Plant-Tracker-July-2026.xlsx)
L100000102415,Mauda power station,coal_power_plant,,unknown,operating,21.18074,79.396541,exact,Maharashtra,2320.0,MW,4,,,NTPC Ltd [100%],GEM GCPT (Global-Coal-Plant-Tracker-July-2026.xlsx)
L100000102417,MIHAN Power Project,coal_power_plant,,unknown,operating,21.0377,78.9334,exact,Maharashtra,246.0,MW,4,,,Abhijeet Power Ltd [100%],GEM GCPT (Global-Coal-Plant-Tracker-July-2026.xlsx)
L100000102419,Nardana Vaghode power station,coal_power_plant,,subbituminous,operating,21.15103,74.854206,exact,Maharashtra,300.0,MW,2,,,Jindal Power Ltd [100%],GEM GCPT (Global-Coal-Plant-Tracker-July-2026.xlsx)
L100000102420,Nasik MAHAGENCO Thermal Power Station,coal_power_plant,,bituminous,operating,19.9814589,73.8920556,exact,Maharashtra,630.0,MW,3,,,Maharashtra State Power Generation Co Ltd [100%],GEM GCPT (Global-Coal-Plant-Tracker-July-2026.xlsx)
L100000102421,Nasik RattanIndia Thermal Power Project,coal_power_plant,,unknown,operating,19.866659,74.081749,exact,Maharashtra,1350.0,MW,5,,,RattanIndia Power Ltd [100%],GEM GCPT (Global-Coal-Plant-Tracker-July-2026.xlsx)
L100000102422,Paras power station,coal_power_plant,,bituminous,operating,20.7147,76.7948,exact,Maharashtra,500.0,MW,2,,,Maharashtra State Power Generation Co Ltd [100%],GEM GCPT (Global-Coal-Plant-Tracker-July-2026.xlsx)
L100000102423,Parbhani Renuka power station,coal_power_plant,captive: sugar,unknown,operating,19.267918,76.435742,exact,Maharashtra,30.0,MW,1,,,Shree Renuka Sugars Ltd [100%],GEM GCPT (Global-Coal-Plant-Tracker-July-2026.xlsx)
L100000102424,Parli Thermal Power Station,coal_power_plant,,bituminous,operating,18.9075857,76.5429497,exact,Maharashtra,750.0,MW,3,,,Maharashtra State Power Generation Co Ltd [100%],GEM GCPT (Global-Coal-Plant-Tracker-July-2026.xlsx)
L100000102428,Ratnagiri Power Plant,coal_power_plant,,bituminous,operating,17.296375,73.213105,exact,Maharashtra,1200.0,MW,4,,,JSW Energy Ltd [100%],GEM GCPT (Global-Coal-Plant-Tracker-July-2026.xlsx)
L100000102431,Solapur power station,coal_power_plant,,unknown,operating,17.551296,75.9832,exact,Maharashtra,1320.0,MW,2,,,NTPC Ltd [100%],GEM GCPT (Global-Coal-Plant-Tracker-July-2026.xlsx)
L100000102432,Tiroda Thermal Power Project,coal_power_plant,,bituminous,operating,21.412502,79.96731,exact,Maharashtra,3300.0,MW,5,,,Adani Power Ltd [100%],GEM GCPT (Global-Coal-Plant-Tracker-July-2026.xlsx)
L100000102433,Trombay power station,coal_power_plant,,bituminous; unknown,operating,19.0027,72.8979,exact,Maharashtra,750.0,MW,2,,,Tata Power Company Ltd [100%],GEM GCPT (Global-Coal-Plant-Tracker-July-2026.xlsx)
L100000102436,Wardha Warora Power Plant,coal_power_plant,captive: iron & steel,bituminous,operating,20.272443,78.978916,exact,Maharashtra,540.0,MW,4,,,Sai Wardha Power Generation Pvt Ltd [100%],GEM GCPT (Global-Coal-Plant-Tracker-July-2026.xlsx)
L100000102437,Wardha Works power station,coal_power_plant,captive: machinery,unknown,operating,20.7089494,78.6281506,exact,Maharashtra,80.0,MW,2,,,Evonith Steel Ltd [100%],GEM GCPT (Global-Coal-Plant-Tracker-July-2026.xlsx)
L100000102441,Aditya Aluminium power station,coal_power_plant,captive: aluminum,unknown,operating,21.740068,84.060592,exact,Odisha,900.0,MW,6,,,Hindalco Industries Ltd [100%],GEM GCPT (Global-Coal-Plant-Tracker-July-2026.xlsx)
L100000102442,Angul power station,coal_power_plant,,unknown,operating,21.127044,84.980552,exact,Odisha,1200.0,MW,2,,,Jindal India Thermal Power Ltd [100%],GEM GCPT (Global-Coal-Plant-Tracker-July-2026.xlsx)
L100000102443,Angul Smelter power station,coal_power_plant,captive: aluminum,subbituminous,operating,20.8490264,85.1902199,exact,Odisha,1200.0,MW,10,,,National Aluminium Co Ltd [100%],GEM GCPT (Global-Coal-Plant-Tracker-July-2026.xlsx)
L100000102444,Angul Steel power station,coal_power_plant,captive: iron & steel,unknown,operating,20.892474,84.99039,exact,Odisha,810.0,MW,6,,,Jindal Steel Ltd [100%],GEM GCPT (Global-Coal-Plant-Tracker-July-2026.xlsx)
L100000102448,Barbil Jagannath power station,coal_power_plant,captive: iron & steel,unknown,operating,22.1323609,85.3830706,exact,Odisha,30.0,MW,1,,,Shri Jagannath Steels & Power Ltd [100%],GEM GCPT (Global-Coal-Plant-Tracker-July-2026.xlsx)
L100000102452,Bhubaneshwar Jasper power station,coal_power_plant,captive: other metals & mining,unknown,operating,20.479398,85.74492,exact,Odisha,135.0,MW,2,,,Tata Steel Ltd [100%],GEM GCPT (Global-Coal-Plant-Tracker-July-2026.xlsx)
L100000102454,Choudwar power station,coal_power_plant,captive: other metals & mining,bituminous; waste coal,operating,20.535296,85.910723,exact,Odisha,258.0,MW,5,,,Indian Metals and Ferro Alloys Ltd [100%],GEM GCPT (Global-Coal-Plant-Tracker-July-2026.xlsx)
L100000102457,Cuttack Works power station,coal_power_plant,captive: iron & steel,unknown,operating,20.5159127,85.7230978,exact,Odisha,110.0,MW,2,,,Aarti Steels Ltd [100%],GEM GCPT (Global-Coal-Plant-Tracker-July-2026.xlsx)
L100000102458,Darlipali power station,coal_power_plant,,unknown,operating,21.963554,83.89187,exact,Odisha,1600.0,MW,2,,,NTPC Ltd [100%],GEM GCPT (Global-Coal-Plant-Tracker-July-2026.xlsx)
L100000102459,Duburi Steel power station,coal_power_plant,captive: iron & steel,unknown,operating,20.960233,86.050308,exact,Odisha,250.0,MW,2,,,Jindal Stainless Ltd [100%],GEM GCPT (Global-Coal-Plant-Tracker-July-2026.xlsx)
L100000102466,Hirakud Smelter power station,coal_power_plant,captive: other metals & mining,unknown,operating,21.529687,83.904569,exact,Odisha,367.5,MW,4,,,Hindalco Industries Ltd [100%],GEM GCPT (Global-Coal-Plant-Tracker-July-2026.xlsx)
L100000102467,Ib Valley Thermal Power Station,coal_power_plant,,unknown,operating,21.6897827,83.8601567,exact,Odisha,1740.0,MW,4,,,Odisha Power Generation Corporation Ltd [100%],GEM GCPT (Global-Coal-Plant-Tracker-July-2026.xlsx)
L100000102470,Jharsuguda CPP power station,coal_power_plant,captive: other metals & mining,unknown,operating,21.787993,84.054361,exact,Odisha,1215.0,MW,9,,,Vedanta Resources Ltd [100%],GEM GCPT (Global-Coal-Plant-Tracker-July-2026.xlsx)
L100000102471,Jharsuguda Ind-Barath power station,coal_power_plant,,unknown,operating,21.657942,83.919513,exact,Odisha,700.0,MW,2,,,JSW Energy (Utkal) Ltd [100%],GEM GCPT (Global-Coal-Plant-Tracker-July-2026.xlsx)
L100000102472,Jharsuguda Sterlite power station,coal_power_plant,captive: aluminum,bituminous,operating,21.815743,84.042036,exact,Odisha,2400.0,MW,4,,,Vedanta Ltd [100%],GEM GCPT (Global-Coal-Plant-Tracker-July-2026.xlsx)
L100000102474,Kalinganagar Maithan power station,coal_power_plant,captive: other metals & mining,unknown,operating,20.922672,86.042365,exact,Odisha,30.0,MW,1,,,Mesco Steel Ltd [100%],GEM GCPT (Global-Coal-Plant-Tracker-July-2026.xlsx)
L100000102476,Kamalanga power station,coal_power_plant,,bituminous,operating,20.870576,85.266979,exact,Odisha,1050.0,MW,3,,,GMR Energy Ltd [100%],GEM GCPT (Global-Coal-Plant-Tracker-July-2026.xlsx)
L100000102477,Kharagprasad power station,coal_power_plant,captive: other metals & mining,unknown,operating,20.809441,85.288621,exact,Odisha,94.0,MW,2,,,Nava Ltd [100%],GEM GCPT (Global-Coal-Plant-Tracker-July-2026.xlsx)
L100000102479,Lanjigarh Refinery power station,coal_power_plant,captive: other metals & mining,unknown,operating,19.711863,83.397785,exact,Odisha,90.0,MW,3,,,Vedanta Resources Ltd [100%],GEM GCPT (Global-Coal-Plant-Tracker-July-2026.xlsx)
L100000102481,Meramandali power station,coal_power_plant,captive: iron & steel,unknown,operating,20.8072919,85.2531512,exact,Odisha,300.0,MW,2,,,Tata Steel Ltd [100%],GEM GCPT (Global-Coal-Plant-Tracker-July-2026.xlsx)
L100000102486,Paradip Oswal power station,coal_power_plant,captive: chemicals,unknown,operating,20.3122274,86.6595466,exact,Odisha,110.0,MW,2,,,Oswal Greentech Ltd [100%],GEM GCPT (Global-Coal-Plant-Tracker-July-2026.xlsx)
L100000102487,Paradip power station,coal_power_plant,,unknown,operating,20.31221,86.645829,exact,Odisha,120.0,MW,4,,,Essar Power Ltd [100%],GEM GCPT (Global-Coal-Plant-Tracker-July-2026.xlsx)
L100000102490,Randia power station,coal_power_plant,captive: other metals & mining,unknown,operating,21.067296,86.454828,exact,Odisha,100.0,MW,2,,,FACOR Power Ltd [100%],GEM GCPT (Global-Coal-Plant-Tracker-July-2026.xlsx)
L100000102491,Rayagada Paper power station,coal_power_plant,captive: pulp & paper,unknown,operating,19.246167,83.41243,exact,Odisha,55.0,MW,1,,,JK Paper Ltd [100%],GEM GCPT (Global-Coal-Plant-Tracker-July-2026.xlsx)
L100000102492,Rengali Bhushan power station,coal_power_plant,captive: iron & steel,unknown,operating,21.680814,84.040505,exact,Odisha,360.0,MW,4,,,Bhushan Power & Steel Ltd [100%],GEM GCPT (Global-Coal-Plant-Tracker-July-2026.xlsx)
L100000102494,Rourkela Works-2 power station,coal_power_plant,captive: iron & steel,bituminous,operating,22.221,84.880551,exact,Odisha,370.0,MW,3,,,NTPC-SAIL Power Co Ltd [100%],GEM GCPT (Global-Coal-Plant-Tracker-July-2026.xlsx)
L100000102502,Talcher Kaniha Super Thermal Power Station,coal_power_plant,,bituminous,operating,21.0970667,85.0750266,exact,Odisha,3000.0,MW,6,,,NTPC Ltd [100%],GEM GCPT (Global-Coal-Plant-Tracker-July-2026.xlsx)
L100000102506,Utkal Smelter power station,coal_power_plant,captive: other metals & mining,unknown,operating,19.1954986,83.0299313,exact,Odisha,90.0,MW,3,,,Hindalco Industries Ltd [100%],GEM GCPT (Global-Coal-Plant-Tracker-July-2026.xlsx)
L100000102511,Goindwal Sahib Thermal Power Plant,coal_power_plant,,unknown,operating,31.38414,75.146503,exact,Punjab,540.0,MW,2,,,GVK Energy Ltd [100%],GEM GCPT (Global-Coal-Plant-Tracker-July-2026.xlsx)
L100000102512,Guru Hargobind Lehra Mohabbat Power Station,coal_power_plant,,bituminous,operating,30.266555,75.166097,exact,Punjab,920.0,MW,4,,,Punjab State Power Corporation Ltd [100%],GEM GCPT (Global-Coal-Plant-Tracker-July-2026.xlsx)
L100000102515,Rajpura Thermal Power Project,coal_power_plant,,subbituminous,operating,30.558963,76.577593,exact,Punjab,1400.0,MW,2,,,Nabha Power Ltd [100%],GEM GCPT (Global-Coal-Plant-Tracker-July-2026.xlsx)
L100000102516,Ropar power station,coal_power_plant,,bituminous,operating,31.0418094,76.5845001,exact,Punjab,840.0,MW,4,,,Punjab State Power Corporation Ltd [100%],GEM GCPT (Global-Coal-Plant-Tracker-July-2026.xlsx)
L100000102518,Talwandi Sabo Power Project,coal_power_plant,,bituminous,operating,29.92458,75.238929,exact,Punjab,1980.0,MW,3,,,Vedanta Power Ltd [100%],GEM GCPT (Global-Coal-Plant-Tracker-July-2026.xlsx)
L100000102519,Ajmer power station,coal_power_plant,captive: cement & building,unknown,operating,26.073889,74.385,exact,Rajasthan,300.0,MW,2,,,Shree Cement Ltd [100%],GEM GCPT (Global-Coal-Plant-Tracker-July-2026.xlsx)
L100000102521,Barsingsar Thermal Power Project,coal_power_plant,,lignite,operating,27.845022,73.199426,exact,Rajasthan,250.0,MW,2,,,NLC India Ltd [100%],GEM GCPT (Global-Coal-Plant-Tracker-July-2026.xlsx)
L100000102523,Chanderiya Smelter power station,coal_power_plant,captive: other metals & mining,unknown,operating,24.963223,74.668532,exact,Rajasthan,234.0,MW,3,,,Hindustan Zinc Ltd [100%],GEM GCPT (Global-Coal-Plant-Tracker-July-2026.xlsx)
L100000102524,Chhabra Thermal Power Station,coal_power_plant,,subbituminous,operating,24.62092,77.035439,exact,Rajasthan,2320.0,MW,6,,,Rajasthan Rajya Vidyut Utpadan Nigam Ltd [51%]; NTPC Ltd [49%],GEM GCPT (Global-Coal-Plant-Tracker-July-2026.xlsx)
L100000102525,Giral power station,coal_power_plant,,lignite,operating,26.045717,71.254096,exact,Rajasthan,250.0,MW,2,,,Rajasthan Rajya Vidyut Utpadan Nigam Ltd [100%],GEM GCPT (Global-Coal-Plant-Tracker-July-2026.xlsx)
L100000102526,JSW Barmer Jalipa Kapurdi power station,coal_power_plant,,lignite,operating,25.895391,71.329871,exact,Rajasthan,1080.0,MW,8,,,JSW Energy Ltd [100%],GEM GCPT (Global-Coal-Plant-Tracker-July-2026.xlsx)
L100000102527,Kalisindh Thermal Power Station,coal_power_plant,,subbituminous,operating,24.5325129,76.100353,exact,Rajasthan,1200.0,MW,2,,,Rajasthan Rajya Vidyut Utpadan Nigam Ltd [100%],GEM GCPT (Global-Coal-Plant-Tracker-July-2026.xlsx)
L100000102528,Kawai Thermal Power Project,coal_power_plant,,subbituminous,operating,24.777997,76.737144,exact,Rajasthan,1320.0,MW,2,,,Adani Power Ltd [100%],GEM GCPT (Global-Coal-Plant-Tracker-July-2026.xlsx)
L100000102529,Kota Complex power station,coal_power_plant,,unknown,operating,25.128632,75.883521,exact,Rajasthan,125.0,MW,2,,,DCM Shriram Ltd [100%],GEM GCPT (Global-Coal-Plant-Tracker-July-2026.xlsx)
L100000102530,Kota power station,coal_power_plant,,unknown,operating,25.171014,75.816976,exact,Rajasthan,1240.0,MW,7,,,Rajasthan Rajya Vidyut Utpadan Nigam Ltd [100%],GEM GCPT (Global-Coal-Plant-Tracker-July-2026.xlsx)
L100000102532,Rajpura Dariba Mine power station,coal_power_plant,captive: other metals & mining,unknown,operating,24.947776,74.131622,exact,Rajasthan,160.0,MW,2,,,Hindustan Zinc Ltd [100%],GEM GCPT (Global-Coal-Plant-Tracker-July-2026.xlsx)
L100000102533,Shriram Rayons power station,coal_power_plant,captive: sugar,unknown,operating,25.138396,75.883598,exact,Rajasthan,141.0,MW,1,,,DCM Shriram Industries Ltd [100%],GEM GCPT (Global-Coal-Plant-Tracker-July-2026.xlsx)
L100000102534,Suratgarh Super Thermal Power Station,coal_power_plant,,subbituminous; unknown,operating,29.181766,74.018741,exact,Rajasthan,2820.0,MW,8,,,Rajasthan Rajya Vidyut Utpadan Nigam Ltd [100%],GEM GCPT (Global-Coal-Plant-Tracker-July-2026.xlsx)
L100000102535,VS Lignite Plant,coal_power_plant,,lignite,operating,27.8567,72.8577,exact,Rajasthan,135.0,MW,1,,,KSK Energy Ventures Ltd [100%],GEM GCPT (Global-Coal-Plant-Tracker-July-2026.xlsx)
L100000102536,Zawar Mines power station,coal_power_plant,captive: other metals & mining,unknown,operating,24.3497957,73.7486207,exact,Rajasthan,80.0,MW,1,,,Hindustan Zinc Ltd [100%],GEM GCPT (Global-Coal-Plant-Tracker-July-2026.xlsx)
L100000102537,ARS Metals Gummidipoondi captive power station,coal_power_plant,,subbituminous,operating,13.423889,80.066111,exact,Tamil Nadu,60.0,MW,1,,,ARS Steels & Alloy International Pvt Ltd [100%],GEM GCPT (Global-Coal-Plant-Tracker-July-2026.xlsx)
L100000102539,Cauvery Power Gummidipoondi captive power station,coal_power_plant,captive: other metals & mining,unknown,operating,13.423182,80.066316,exact,Tamil Nadu,63.0,MW,1,,,Cauvery Powergeneration Chennai Pvt Ltd [100%],GEM GCPT (Global-Coal-Plant-Tracker-July-2026.xlsx)
L100000102540,Chennai power station,coal_power_plant,,bituminous,operating,13.437422,80.09788,exact,Tamil Nadu,414.0,MW,4,,,OPG Power Ventures PLC [100%],GEM GCPT (Global-Coal-Plant-Tracker-July-2026.xlsx)
L100000102542,Cuddalore IL&FS power station,coal_power_plant,,bituminous,operating,11.5215094,79.7515009,exact,Tamil Nadu,1200.0,MW,2,,,Infrastructure Leasing & Financial Services Ltd [100%],GEM GCPT (Global-Coal-Plant-Tracker-July-2026.xlsx)
L100000102548,Gummidipoondi Kamachi power station,coal_power_plant,captive: other metals & mining,unknown,operating,13.424018,80.087457,exact,Tamil Nadu,70.0,MW,2,,,Kamachi Industries Ltd [100%],GEM GCPT (Global-Coal-Plant-Tracker-July-2026.xlsx)
L100000102549,Gummidipoondi Suryadev power station,coal_power_plant,captive: other metals & mining,bituminous,operating,13.384779,80.107416,exact,Tamil Nadu,160.0,MW,2,,,Suryadev Alloys & Power Pvt Ltd [100%],GEM GCPT (Global-Coal-Plant-Tracker-July-2026.xlsx)
L100000102550,Tulsyan Steel Gummidipoondi captive power station,coal_power_plant,captive: chemicals,unknown,operating,13.416421,80.056944,exact,Tamil Nadu,70.0,MW,2,,,Tulsyan NEC Ltd [100%],GEM GCPT (Global-Coal-Plant-Tracker-July-2026.xlsx)
L100000102554,Kagithapuram Mill power station,coal_power_plant,captive: pulp & paper,unknown,operating,11.052854,77.995806,exact,Tamil Nadu,40.0,MW,1,,,Tamil Nadu Newsprint & Papers Ltd [100%],GEM GCPT (Global-Coal-Plant-Tracker-July-2026.xlsx)
L100000102560,Mettur Siscol power station,coal_power_plant,captive: other metals & mining,unknown,operating,11.814008,77.919073,exact,Tamil Nadu,60.0,MW,2,,,JSW Holdings Ltd [100%],GEM GCPT (Global-Coal-Plant-Tracker-July-2026.xlsx)
L100000102561,Mettur Thermal Power Station,coal_power_plant,,bituminous,operating,11.7720201,77.8141046,exact,Tamil Nadu,1440.0,MW,5,,,Tamil Nadu Power Distribution Corp Ltd [100%],GEM GCPT (Global-Coal-Plant-Tracker-July-2026.xlsx)
L100000102562,Moxie Power Melamaruthur Thermal Power Plant,coal_power_plant,,unknown,operating,8.912716,78.144965,exact,Tamil Nadu,1200.0,MW,2,,,Moxie Power Generation Ltd [100%],GEM GCPT (Global-Coal-Plant-Tracker-July-2026.xlsx)
L100000102563,Nagai Nagapattinam Power Project,coal_power_plant,,unknown,operating,10.824085,79.753828,exact,Tamil Nadu,150.0,MW,1,,,Nagai Power Pvt Ltd [100%],GEM GCPT (Global-Coal-Plant-Tracker-July-2026.xlsx)
L100000102565,New Neyveli Thermal Power Station,coal_power_plant,,lignite,operating,11.547055,79.44289,exact,Tamil Nadu,1000.0,MW,2,,,NLC India Ltd [100%],GEM GCPT (Global-Coal-Plant-Tracker-July-2026.xlsx)
L100000102566,Neyveli Thermal Power Station I,coal_power_plant,,lignite,operating,11.5464825,79.4445033,exact,Tamil Nadu,420.0,MW,2,,,NLC India Ltd [100%],GEM GCPT (Global-Coal-Plant-Tracker-July-2026.xlsx)
L100000102567,Neyveli Thermal Power Station II,coal_power_plant,,lignite,operating,11.5575892,79.4415697,exact,Tamil Nadu,1970.0,MW,9,,,NLC India Ltd [100%],GEM GCPT (Global-Coal-Plant-Tracker-July-2026.xlsx)
L100000102568,Neyveli Zero power station,coal_power_plant,,lignite,operating,11.5401,79.4159,exact,Tamil Nadu,250.0,MW,1,,,TAQA Neyveli Power Company Pvt Ltd [100%],GEM GCPT (Global-Coal-Plant-Tracker-July-2026.xlsx)
L100000102569,North Chennai Thermal Power Station,coal_power_plant,,bituminous; unknown,operating,13.253013,80.327804,exact,Tamil Nadu,2630.0,MW,6,,,Tamil Nadu Power Distribution Corp Ltd [100%],GEM GCPT (Global-Coal-Plant-Tracker-July-2026.xlsx)
L100000102571,Salem Siscol power station,coal_power_plant,captive: iron & steel,unknown,operating,11.814008,77.919073,exact,Tamil Nadu,30.0,MW,1,,,JSW Steel Ltd [100%],GEM GCPT (Global-Coal-Plant-Tracker-July-2026.xlsx)
L100000102574,SEPC Tuticorin power station,coal_power_plant,,unknown,operating,8.7553106,78.158031,exact,Tamil Nadu,525.0,MW,1,,,SEPC Power Pvt Ltd [100%],GEM GCPT (Global-Coal-Plant-Tracker-July-2026.xlsx)
L100000102584,Tuticorin NTPL power station,coal_power_plant,,lignite,operating,8.760363,78.171083,exact,Tamil Nadu,1000.0,MW,2,,,NLC Tamil Nadu Power Ltd [100%],GEM GCPT (Global-Coal-Plant-Tracker-July-2026.xlsx)
L100000102587,Tuticorin Thermal Power Station,coal_power_plant,,bituminous,operating,8.762518,78.175976,exact,Tamil Nadu,1050.0,MW,5,,,Tamil Nadu Power Distribution Corp Ltd [100%],GEM GCPT (Global-Coal-Plant-Tracker-July-2026.xlsx)
L100000102590,Vallur Thermal Power Plant,coal_power_plant,,unknown,operating,13.237131,80.301754,exact,Tamil Nadu,1500.0,MW,3,,,NTPC Tamil Nadu Energy Co Ltd [100%],GEM GCPT (Global-Coal-Plant-Tracker-July-2026.xlsx)
L100000102592,Bhadradri power station,coal_power_plant,,unknown,operating,18.027488,80.735645,exact,Telangana,1080.0,MW,4,,,Telangana State Power Generation Corporation Ltd [100%],GEM GCPT (Global-Coal-Plant-Tracker-July-2026.xlsx)
L100000102593,Ganeshpahad Cement power station,coal_power_plant,captive: cement & building,unknown,operating,16.719583,79.69445,exact,Telangana,77.0,MW,2,,,Penna Cement Industries Ltd [100%],GEM GCPT (Global-Coal-Plant-Tracker-July-2026.xlsx)
L100000102595,Kakatiya Thermal Power Project,coal_power_plant,,subbituminous; unknown,operating,18.3831934,79.8271644,exact,Telangana,1100.0,MW,2,,,Telangana State Power Generation Corporation Ltd [100%],GEM GCPT (Global-Coal-Plant-Tracker-July-2026.xlsx)
L100000102598,Kothagudem Thermal Power Station,coal_power_plant,,bituminous,operating,17.6219,80.69355,exact,Telangana,1800.0,MW,4,,,Telangana State Power Generation Corporation Ltd [100%],GEM GCPT (Global-Coal-Plant-Tracker-July-2026.xlsx)
L100000102599,HWP Manuguru power station,coal_power_plant,captive: other metals & mining,unknown,operating,17.87832,80.848644,exact,Telangana,90.0,MW,3,,,Heavy Water Board [100%],GEM GCPT (Global-Coal-Plant-Tracker-July-2026.xlsx)
L100000102600,Paloncha power station,coal_power_plant,captive: other metals & mining,bituminous,operating,17.5824568,80.6727084,exact,Telangana,244.0,MW,3,,,Nava Ltd [100%],GEM GCPT (Global-Coal-Plant-Tracker-July-2026.xlsx)
L100000102601,Pegadapalli (Jaipur Mandal) power station,coal_power_plant,,unknown,operating,18.827056,79.570284,exact,Telangana,1200.0,MW,2,,,The Singareni Collieries Co Ltd [100%],GEM GCPT (Global-Coal-Plant-Tracker-July-2026.xlsx)
L100000102602,Ramagundam power station,coal_power_plant,,bituminous; unknown,operating,18.7584502,79.4573172,exact,Telangana,4200.0,MW,9,,,NTPC Ltd [100%],GEM GCPT (Global-Coal-Plant-Tracker-July-2026.xlsx)
L100000102606,Sitapuram Cement power station,coal_power_plant,,unknown,operating,16.8300701,80.040774,exact,Telangana,43.0,MW,1,,,KSK Energy Ventures Ltd [100%],GEM GCPT (Global-Coal-Plant-Tracker-July-2026.xlsx)
L100000102608,Yadadri power station,coal_power_plant,,unknown,operating,16.708219,79.581184,exact,Telangana,3200.0,MW,4,,,Telangana State Power Generation Corporation Ltd [100%],GEM GCPT (Global-Coal-Plant-Tracker-July-2026.xlsx)
L100000102610,Anpara power station,coal_power_plant,,bituminous,operating,24.202043,82.789128,exact,Uttar Pradesh,1630.0,MW,5,,,U.P. Rajya Vidyut Utpadan Nigam Ltd [100%],GEM GCPT (Global-Coal-Plant-Tracker-July-2026.xlsx)
L100000102611,Anpara-C power station,coal_power_plant,,bituminous,operating,24.203788,82.79733,exact,Uttar Pradesh,1200.0,MW,2,,,MEIL Anpara Energy Ltd [100%],GEM GCPT (Global-Coal-Plant-Tracker-July-2026.xlsx)
L100000102612,Anpara-D power station,coal_power_plant,,bituminous,operating,24.196262,82.806342,exact,Uttar Pradesh,1000.0,MW,2,,,U.P. Rajya Vidyut Utpadan Nigam Ltd [100%],GEM GCPT (Global-Coal-Plant-Tracker-July-2026.xlsx)
L100000102616,Bara Thermal Power Project,coal_power_plant,,unknown,operating,25.196345,81.658534,exact,Uttar Pradesh,1980.0,MW,3,,,Jaiprakash Power Ventures Ltd [100%],GEM GCPT (Global-Coal-Plant-Tracker-July-2026.xlsx)
L100000102619,Barkhera IPP power station,coal_power_plant,,unknown,operating,28.4722812,79.8067246,exact,Uttar Pradesh,90.0,MW,2,,,Lalitpur Power Generation Co Ltd [100%],GEM GCPT (Global-Coal-Plant-Tracker-July-2026.xlsx)
L100000102622,Chunar Cement power station,coal_power_plant,captive: cement & building,unknown,operating,25.090885,82.897339,exact,Uttar Pradesh,38.0,MW,1,,,Jaypee Cement Corp Ltd [100%],GEM GCPT (Global-Coal-Plant-Tracker-July-2026.xlsx)
L100000102623,Churk captive power station,coal_power_plant,captive: cement & building,unknown,operating,24.639104,83.101085,exact,Uttar Pradesh,180.0,MW,3,,,Jaiprakash Associates Ltd [100%],GEM GCPT (Global-Coal-Plant-Tracker-July-2026.xlsx)
L100000102626,Feroze Gandhi Unchahar Power Station,coal_power_plant,,bituminous,operating,25.9137597,81.3272384,exact,Uttar Pradesh,1550.0,MW,6,,,NTPC Ltd [100%],GEM GCPT (Global-Coal-Plant-Tracker-July-2026.xlsx)
L100000102628,Ghatampur power station,coal_power_plant,,lignite,operating,25.975,80.1889,exact,Uttar Pradesh,1980.0,MW,3,,,Neyveli Uttar Pradesh Power Ltd [100%],GEM GCPT (Global-Coal-Plant-Tracker-July-2026.xlsx)
L100000102630,Harduaganj power station,coal_power_plant,,bituminous; unknown,operating,28.0175,78.13,exact,Uttar Pradesh,1270.0,MW,4,,,U.P. Rajya Vidyut Utpadan Nigam Ltd [100%],GEM GCPT (Global-Coal-Plant-Tracker-July-2026.xlsx)
L100000102632,Jawaharpur Thermal Project,coal_power_plant,,unknown,operating,27.497098,78.826071,exact,Uttar Pradesh,1320.0,MW,2,,,U.P. Rajya Vidyut Utpadan Nigam Ltd [100%],GEM GCPT (Global-Coal-Plant-Tracker-July-2026.xlsx)
L100000102635,Khamberkhera IPP power station,coal_power_plant,,unknown,operating,28.0169873,80.8306368,exact,Uttar Pradesh,90.0,MW,2,,,Lalitpur Power Generation Co Ltd [100%],GEM GCPT (Global-Coal-Plant-Tracker-July-2026.xlsx)
L100000102636,Khurja power station,coal_power_plant,,unknown,operating,28.158333,77.908333,exact,Uttar Pradesh,1320.0,MW,2,,,THDC India Ltd [100%],GEM GCPT (Global-Coal-Plant-Tracker-July-2026.xlsx)
L100000102637,Kundarki Ipp power station,coal_power_plant,,unknown,operating,27.0788732,82.0836037,exact,Uttar Pradesh,90.0,MW,2,,,Lalitpur Power Generation Co Ltd [100%],GEM GCPT (Global-Coal-Plant-Tracker-July-2026.xlsx)
L100000102638,Lalitpur power project,coal_power_plant,,unknown,operating,24.795833,78.646944,exact,Uttar Pradesh,1980.0,MW,3,,,Lalitpur Power Generation Co Ltd [100%],GEM GCPT (Global-Coal-Plant-Tracker-July-2026.xlsx)
L100000102639,Maqsoodpur power station,coal_power_plant,,unknown,operating,28.2444045,79.997547,exact,Uttar Pradesh,90.0,MW,2,,,Lalitpur Power Generation Co Ltd [100%],GEM GCPT (Global-Coal-Plant-Tracker-July-2026.xlsx)
L100000102640,Meja Thermal Power Project,coal_power_plant,,unknown,operating,25.145867,81.940096,exact,Uttar Pradesh,1320.0,MW,2,,,Meja Urja Nigam Pvt Ltd [100%],GEM GCPT (Global-Coal-Plant-Tracker-July-2026.xlsx)
L100000102642,National Capital Dadri Thermal Power Plant,coal_power_plant,,unknown,operating,28.603,77.6078,exact,Uttar Pradesh,1840.0,MW,6,,,NTPC Ltd [100%],GEM GCPT (Global-Coal-Plant-Tracker-July-2026.xlsx)
L100000102644,Obra Thermal Power Station,coal_power_plant,,bituminous; unknown,operating,24.4445803,82.9803325,exact,Uttar Pradesh,2320.0,MW,7,,,U.P. Rajya Vidyut Utpadan Nigam Ltd [100%],GEM GCPT (Global-Coal-Plant-Tracker-July-2026.xlsx)
L100000102645,Panki Thermal Power Station,coal_power_plant,,unknown,operating,26.4766,80.241,exact,Uttar Pradesh,660.0,MW,1,,,U.P. Rajya Vidyut Utpadan Nigam Ltd [100%],GEM GCPT (Global-Coal-Plant-Tracker-July-2026.xlsx)
L100000102646,Parichha power station,coal_power_plant,,bituminous; subbituminous,operating,25.513571,78.757918,exact,Uttar Pradesh,920.0,MW,4,,,U.P. Rajya Vidyut Utpadan Nigam Ltd [100%],GEM GCPT (Global-Coal-Plant-Tracker-July-2026.xlsx)
L100000102648,Renusagar power station,coal_power_plant,captive: other metals & mining,bituminous,operating,24.181093,82.791279,exact,Uttar Pradesh,725.7,MW,10,,,Hindalco Industries Ltd [100%],GEM GCPT (Global-Coal-Plant-Tracker-July-2026.xlsx)
L100000102649,Rihand power station,coal_power_plant,,bituminous,operating,24.027,82.7915,exact,Uttar Pradesh,3000.0,MW,6,,,NTPC Ltd [100%],GEM GCPT (Global-Coal-Plant-Tracker-July-2026.xlsx)
L100000102650,Rosa Thermal Power Plant,coal_power_plant,,bituminous,operating,27.8194455,79.9371618,exact,Uttar Pradesh,1200.0,MW,4,,,Reliance Power Ltd [100%],GEM GCPT (Global-Coal-Plant-Tracker-July-2026.xlsx)
L100000102652,Singrauli Super Thermal Power Station,coal_power_plant,,bituminous,operating,24.1042119,82.7063552,exact,Uttar Pradesh,2000.0,MW,7,,,NTPC Ltd [100%],GEM GCPT (Global-Coal-Plant-Tracker-July-2026.xlsx)
L100000102653,Tanda power station,coal_power_plant,,bituminous; unknown,operating,26.5894846,82.601235,exact,Uttar Pradesh,1760.0,MW,6,,,NTPC Ltd [100%],GEM GCPT (Global-Coal-Plant-Tracker-July-2026.xlsx)
L100000102654,Utraula power station,coal_power_plant,,unknown,operating,27.3455145,82.3165453,exact,Uttar Pradesh,90.0,MW,2,,,Lalitpur Power Generation Co Ltd [100%],GEM GCPT (Global-Coal-Plant-Tracker-July-2026.xlsx)
L100000102657,Lal Kuan Mill power station,coal_power_plant,captive: pulp & paper,unknown,operating,29.062378,79.521661,exact,Uttarakhand,43.0,MW,1,,,Century Pulp And Paper Ltd [100%],GEM GCPT (Global-Coal-Plant-Tracker-July-2026.xlsx)
L100000102659,Asansol Crescent power station,coal_power_plant,,waste coal,operating,23.7845702,87.0472446,exact,West Bengal,40.0,MW,1,,,CESC Ltd [100%],GEM GCPT (Global-Coal-Plant-Tracker-July-2026.xlsx)
L100000102661,Bakreswar Thermal Power Station,coal_power_plant,,unknown,operating,23.8292205,87.451034,exact,West Bengal,1050.0,MW,5,,,The West Bengal Power Development Corporation Ltd [100%],GEM GCPT (Global-Coal-Plant-Tracker-July-2026.xlsx)
L100000102663,Bandel Thermal Power Station,coal_power_plant,,bituminous,operating,22.995746,88.403815,exact,West Bengal,270.0,MW,2,,,The West Bengal Power Development Corporation Ltd [100%],GEM GCPT (Global-Coal-Plant-Tracker-July-2026.xlsx)
L100000102665,Budge Budge Generating Station,coal_power_plant,,unknown,operating,22.470344,88.139949,exact,West Bengal,750.0,MW,3,,,CESC Ltd [100%],GEM GCPT (Global-Coal-Plant-Tracker-July-2026.xlsx)
L100000102669,Durgapur Projects Limited power station,coal_power_plant,,bituminous,operating,23.521147,87.302309,exact,West Bengal,550.0,MW,2,,,The Durgapur Projects Ltd [100%],GEM GCPT (Global-Coal-Plant-Tracker-July-2026.xlsx)
L100000102671,Durgapur SAIL power station,coal_power_plant,captive: iron & steel,unknown,operating,23.551805,87.248475,exact,West Bengal,120.0,MW,2,,,NTPC-SAIL Power Co Ltd [100%],GEM GCPT (Global-Coal-Plant-Tracker-July-2026.xlsx)
L100000102672,Durgapur Steel City Andal power station,coal_power_plant,captive: iron & steel,bituminous,operating,23.58,87.2043,exact,West Bengal,1000.0,MW,2,,,Damodar Valley Corp [100%],GEM GCPT (Global-Coal-Plant-Tracker-July-2026.xlsx)
L100000102673,Farakka power station,coal_power_plant,,subbituminous,operating,24.772729,87.893707,exact,West Bengal,2100.0,MW,6,,,NTPC Ltd [100%],GEM GCPT (Global-Coal-Plant-Tracker-July-2026.xlsx)
L100000102674,Haldia Energy power station,coal_power_plant,,unknown,operating,22.104017,88.177345,exact,West Bengal,600.0,MW,2,,,Haldia Energy Ltd [100%],GEM GCPT (Global-Coal-Plant-Tracker-July-2026.xlsx)
L100000102677,Kolaghat Thermal Power Station,coal_power_plant,,bituminous,operating,22.416565,87.870984,exact,West Bengal,840.0,MW,4,,,The West Bengal Power Development Corporation Ltd [100%],GEM GCPT (Global-Coal-Plant-Tracker-July-2026.xlsx)
L100000102680,Mejia power station,coal_power_plant,,unknown,operating,23.4639,87.1311,exact,West Bengal,2340.0,MW,8,,,Damodar Valley Corp [100%],GEM GCPT (Global-Coal-Plant-Tracker-July-2026.xlsx)
L100000102681,Raghunathpur Thermal Power Station,coal_power_plant,,unknown,operating,23.62191,86.660703,exact,West Bengal,1200.0,MW,2,,,Damodar Valley Corp [100%],GEM GCPT (Global-Coal-Plant-Tracker-July-2026.xlsx)
L100000102684,Sagardighi Thermal Power Station,coal_power_plant,,unknown,operating,24.3688141,88.1040001,exact,West Bengal,2260.0,MW,5,,,The West Bengal Power Development Corporation Ltd [100%],GEM GCPT (Global-Coal-Plant-Tracker-July-2026.xlsx)
L100000102686,Santaldih Thermal Power Station,coal_power_plant,,bituminous,operating,23.6013,86.4666,exact,West Bengal,500.0,MW,2,,,The West Bengal Power Development Corporation Ltd [100%],GEM GCPT (Global-Coal-Plant-Tracker-July-2026.xlsx)
L100000102688,Southern CESC power station,coal_power_plant,,bituminous,operating,22.549591,88.291512,exact,West Bengal,135.0,MW,2,,,CESC Ltd [100%],GEM GCPT (Global-Coal-Plant-Tracker-July-2026.xlsx)
L100000102689,Titagarh power station,coal_power_plant,,bituminous,operating,22.731974,88.370309,exact,West Bengal,240.0,MW,4,,,CESC Ltd [100%],GEM GCPT (Global-Coal-Plant-Tracker-July-2026.xlsx)
L100000104433,Hiranmaye Haldia power station,coal_power_plant,,unknown,operating,22.0770275,88.0982268,exact,West Bengal,300.0,MW,2,,,Hiranmaye Energy Ltd [100%],GEM GCPT (Global-Coal-Plant-Tracker-July-2026.xlsx)
L100000104755,Atul power station,coal_power_plant,captive: chemicals,unknown,operating,20.537058,72.933282,exact,Gujarat,84.0,MW,2,,,Atul Ltd [100%],GEM GCPT (Global-Coal-Plant-Tracker-July-2026.xlsx)
L100000104976,GACL-NALCO Dahej Caustic captive power station,coal_power_plant,,unknown,operating,21.710191,72.690406,exact,Gujarat,130.0,MW,2,,,GACL-NALCO Alkalies and Chemicals Pvt Ltd [100%],GEM GCPT (Global-Coal-Plant-Tracker-July-2026.xlsx)
L100000105017,Ambuja Cements Limited power station,coal_power_plant,captive: cement & building,unknown,operating,21.67005,82.08339,exact,Chhattisgarh,33.0,MW,1,,,Ambuja Cements Ltd [100%],GEM GCPT (Global-Coal-Plant-Tracker-July-2026.xlsx)
L100000105026,Maadurga Thermal power station,coal_power_plant,,unknown,operating,20.57622,86.020728,exact,Odisha,60.0,MW,2,,,Maadurga Thermal Power Co Ltd [100%],GEM GCPT (Global-Coal-Plant-Tracker-July-2026.xlsx)
L100001000101,Mellacheruvu Cement power station,coal_power_plant,captive: cement & building,unknown,operating,16.809733,79.915132,exact,Telangana,60.0,MW,1,,,My Home Industries Pvt Ltd [100%],GEM GCPT (Global-Coal-Plant-Tracker-July-2026.xlsx)
L100001000104,Jojobera Cement Plant power station,coal_power_plant,captive: cement & building,unknown,operating,22.7531,86.2452,exact,Jharkhand,30.0,MW,1,,,Nuvoco Vistas Corporation Ltd [100%],GEM GCPT (Global-Coal-Plant-Tracker-July-2026.xlsx)
L100001000147,Sanghipuram Cement power station,coal_power_plant,captive: cement & building,unknown,operating,23.3998083,68.5701728,exact,Gujarat,130.0,MW,2,,,Sanghi Industries Ltd [100%],GEM GCPT (Global-Coal-Plant-Tracker-July-2026.xlsx)
M0464,Adasa Coal Mine,coal_mine,surface; coalfield: Kamptee,Subbituminous,operating,21.347003,78.953545,exact,Maharashtra,1.85,Mtpa,1,5.9,,Western Coalfields Ltd [100.0%],GEM GCMT (Global_Coal_Mine_Tracker__August_2026.xlsx)
M0465,Adriyala Coal Mine,coal_mine,underground; coalfield: Mancherial,Subbituminous,operating,18.6648,79.579,exact,Telangana,2.5,Mtpa,1,9.64,,The Singareni Collieries Co Ltd [100.0%],GEM GCMT (Global_Coal_Mine_Tracker__August_2026.xlsx)
M0466,AKK Coal Mine,coal_mine,surface; coalfield: Bokaro,Subbituminous,operating,23.7905,85.9198,exact,Jharkhand,7.0,Mtpa,1,,,Central Coalfields Ltd [100.0%],GEM GCMT (Global_Coal_Mine_Tracker__August_2026.xlsx)
M0467,Amadand Coal Mine,coal_mine,surface; coalfield: Sohagpur,Subbituminous,operating,23.157942,82.061533,exact,Madhya Pradesh,4.0,Mtpa,1,8.84,,South Eastern Coalfields Ltd [100.0%],GEM GCMT (Global_Coal_Mine_Tracker__August_2026.xlsx)
M1637,Amaglmated Block IV-Kooridih-Govindpur Coal Mine,coal_mine,surface; coalfield: Jharia,Bituminous,operating,23.800453,86.276944,exact,Jharkhand,1.2,Mtpa,1,1.49,,Bharat Coking Coal Ltd [100.0%],GEM GCMT (Global_Coal_Mine_Tracker__August_2026.xlsx)
M2505,Amalgamated Amlo Dhori Open Cast Mine,coal_mine,surface; coalfield: unknown,Subbituminous,operating,23.76663448,85.98552098,approximate,Jharkhand,3.0,Mtpa,1,,,Central Coalfields Ltd [100.0%],GEM GCMT (Global_Coal_Mine_Tracker__August_2026.xlsx)
M4425,Amalgamated Inder Kamptee Coal Mine,coal_mine,surface; coalfield: Kamptee,Subbituminous,operating,21.241388,79.229444,exact,Maharashtra,3.56,Mtpa,1,8.58,,Western Coalfields Ltd [100.0%],GEM GCMT (Global_Coal_Mine_Tracker__August_2026.xlsx)
M6712,Amalgamated Joyrampur Colliery,coal_mine,surface; coalfield: Jharia,Bituminous,operating,23.71029839,86.4356662869932,approximate,Jharkhand,3.25,Mtpa,1,11.87,,Bharat Coking Coal Ltd [100.0%],GEM GCMT (Global_Coal_Mine_Tracker__August_2026.xlsx)
M0468,Amalgamated Keshalpur-West Mudidih (AKWMC) Coal Mine,coal_mine,underground & surface; coalfield: Dhanbad,Bituminous,operating,23.8078,86.3221,exact,Jharkhand,7.15,Mtpa,1,7.18,,Bharat Coking Coal Ltd [100.0%],GEM GCMT (Global_Coal_Mine_Tracker__August_2026.xlsx)
M4426,Amalgamated LSMK UG & OC Mine,coal_mine,underground & surface; coalfield: Raniganj,Subbituminous,operating,23.772821,86.7319645,approximate,Jharkhand,2.3,Mtpa,1,12.39,,Eastern Coalfields Ltd [100.0%],GEM GCMT (Global_Coal_Mine_Tracker__August_2026.xlsx)
M0469,Amalgamated Yekona I and II Coal Mines,coal_mine,surface; coalfield: Wardha Valley,Lignite,operating,20.228333,78.9166666,approximate,Maharashtra,3.3,Mtpa,1,17.0,,Western Coalfields Ltd [100.0%],GEM GCMT (Global_Coal_Mine_Tracker__August_2026.xlsx)
M3014,Amalgated Gaslitand Katars Chaitudih Coal Mine,coal_mine,surface; coalfield: unknown,Bituminous,mothballed,23.80983994,86.29179139,exact,Jharkhand,0.65,Mtpa,1,3.72,,Bharat Coking Coal Ltd [100.0%],GEM GCMT (Global_Coal_Mine_Tracker__August_2026.xlsx)
M3847,Amelia Coal Mine,coal_mine,surface; coalfield: Singrauli,Subbituminous,operating,24.072448,82.414011,approximate,Madhya Pradesh,4.0,Mtpa,1,11.8,,THDC India Ltd [100.0%],GEM GCMT (Global_Coal_Mine_Tracker__August_2026.xlsx)
M0471,Amelia North Coal Mine,coal_mine,surface; coalfield: Singrauli,Subbituminous,operating,24.1346,82.4264,exact,Madhya Pradesh,3.92,Mtpa,1,7.28,,Jaiprakash Power Ventures Ltd [100.0%],GEM GCMT (Global_Coal_Mine_Tracker__August_2026.xlsx)
M1639,Amera Coal Mine,coal_mine,surface; coalfield: Lakhanpur,Subbituminous,operating,23.065899,83.049535,exact,Chhattisgarh,1.0,Mtpa,1,6.68,,South Eastern Coalfields Ltd [100.0%],GEM GCMT (Global_Coal_Mine_Tracker__August_2026.xlsx)
M0472,Amlai Coal Mine,coal_mine,underground; coalfield: Sohagpur,Subbituminous,operating,23.167675,81.59593,approximate,Madhya Pradesh,1.2,Mtpa,1,7.24,,South Eastern Coalfields Ltd [100.0%],GEM GCMT (Global_Coal_Mine_Tracker__August_2026.xlsx)
M0474,Amlohri Coal Mine,coal_mine,surface; coalfield: Singrauli,Subbituminous,operating,24.134,82.593,exact,Madhya Pradesh,16.18,Mtpa,1,21.75,,Northern Coalfields Ltd [100.0%],GEM GCMT (Global_Coal_Mine_Tracker__August_2026.xlsx)
M0475,Amrapali Coal Mine,coal_mine,surface; coalfield: North Karanpura,Lignite,operating,23.889479,85.00171,exact,Jharkhand,24.19,Mtpa,1,24.79,,Central Coalfields Ltd [100.0%],GEM GCMT (Global_Coal_Mine_Tracker__August_2026.xlsx)
M1641,Amritnaga Coal Mine,coal_mine,underground; coalfield: Raniganj,Subbituminous,operating,23.650069,87.071513,approximate,West Bengal,0.6,Mtpa,1,2.79,,Eastern Coalfields Ltd [100.0%],GEM GCMT (Global_Coal_Mine_Tracker__August_2026.xlsx)
M0476,Ananta Coal Mine,coal_mine,surface; coalfield: Talcher,Lignite,operating,20.943609,85.163715,exact,Odisha,7.9,Mtpa,1,14.2,,Mahanadi Coalfields Ltd [100.0%],GEM GCMT (Global_Coal_Mine_Tracker__August_2026.xlsx)
M1643,Ardhagram Coal Mine,coal_mine,surface; coalfield: Raniganj,Bituminous,mothballed,23.587449,87.085853,exact,West Bengal,0.4,Mtpa,1,8.0,,OCL Iron & Steel [100.0%],GEM GCMT (Global_Coal_Mine_Tracker__August_2026.xlsx)
M0477,Ashoka Coal Mine,coal_mine,surface; coalfield: Piparwar,Subbituminous,operating,23.724268,85.037525,exact,Jharkhand,10.0,Mtpa,1,7.93,,Central Coalfields Ltd [100.0%],GEM GCMT (Global_Coal_Mine_Tracker__August_2026.xlsx)
M4427,ASP Coal Mine,coal_mine,surface; coalfield: Jharia,Bituminous,operating,23.74133,86.4051593,approximate,Jharkhand,0.709,Mtpa,1,4.99,,Bharat Coking Coal Ltd [100.0%],GEM GCMT (Global_Coal_Mine_Tracker__August_2026.xlsx)
M1644,Badjna Coal Mine,coal_mine,underground & surface; coalfield: unknown,Subbituminous,operating,23.800306,86.695665,exact,Jharkhand,0.45,Mtpa,1,6.76,,Eastern Coalfields Ltd [100.0%],GEM GCMT (Global_Coal_Mine_Tracker__August_2026.xlsx)
M1645,Bagdeva Coal Mine,coal_mine,underground; coalfield: Korba,Subbituminous,operating,22.455461,82.517654,exact,Chhattisgarh,0.25,Mtpa,1,5.02,,South Eastern Coalfields Ltd [100.0%],GEM GCMT (Global_Coal_Mine_Tracker__August_2026.xlsx)
M1646,Bahula Coal Mine,coal_mine,underground; coalfield: unknown,Subbituminous,operating,23.654318,87.188096,exact,West Bengal,0.25,Mtpa,1,,,Eastern Coalfields Ltd [100.0%],GEM GCMT (Global_Coal_Mine_Tracker__August_2026.xlsx)
M3854,Bajora North Coal Mine,coal_mine,surface; coalfield: unknown,Subbituminous,operating,23.45338,87.23919,exact,West Bengal,2.2,Mtpa,1,2.6,,West Bengal Power Development Corp Ltd [100.0%],GEM GCMT (Global_Coal_Mine_Tracker__August_2026.xlsx)
M0478,Balaram Coal Mine,coal_mine,surface; coalfield: Talcher,Subbituminous,operating,20.962009,85.178092,exact,Odisha,8.0,Mtpa,1,13.09,,Mahanadi Coalfields Ltd [100.0%],GEM GCMT (Global_Coal_Mine_Tracker__August_2026.xlsx)
M1647,Balgi Coal Mine,coal_mine,underground; coalfield: Korba,Subbituminous,operating,22.353611,82.61666,exact,Chhattisgarh,0.36,Mtpa,1,10.65,,South Eastern Coalfields Ltd [100.0%],GEM GCMT (Global_Coal_Mine_Tracker__August_2026.xlsx)
M2897,Ballarpur OC Coal Mine,coal_mine,surface; coalfield: Wardha Valley,Subbituminous,operating,19.832799,79.34613,exact,Maharashtra,0.6,Mtpa,1,,,Western Coalfields Ltd [100.0%],GEM GCMT (Global_Coal_Mine_Tracker__August_2026.xlsx)
M2708,Ballarpur UG Coal Mine,coal_mine,underground; coalfield: Wardha Valley,Subbituminous,operating,19.84253529,79.3480377086428,exact,Maharashtra,0.6,Mtpa,1,16.2,,Western Coalfields Ltd [100.0%],GEM GCMT (Global_Coal_Mine_Tracker__August_2026.xlsx)
M1648,Balrampur Coal Mine,coal_mine,underground; coalfield: Bisrampur,Subbituminous,operating,23.229703,83.010222,exact,Chhattisgarh,0.6,Mtpa,1,5.5,,South Eastern Coalfields Ltd [100.0%],GEM GCMT (Global_Coal_Mine_Tracker__August_2026.xlsx)
M1649,Bangwar Coal Mine,coal_mine,underground; coalfield: Sohagpur,Subbituminous,operating,23.151647,81.538768,exact,Madhya Pradesh,0.6,Mtpa,1,4.87,,South Eastern Coalfields Ltd [100.0%],GEM GCMT (Global_Coal_Mine_Tracker__August_2026.xlsx)
M1650,Bankola Coal Mine,coal_mine,underground; coalfield: Raniganj,Subbituminous,operating,23.659201,87.236639,exact,West Bengal,0.3,Mtpa,1,8.3,,Eastern Coalfields Ltd [100.0%],GEM GCMT (Global_Coal_Mine_Tracker__August_2026.xlsx)
M1651,Bansdeopur Coal Mine,coal_mine,underground & surface; coalfield: Jharia,Bituminous,operating,23.799105,86.325068,approximate,Jharkhand,0.879,Mtpa,1,1.05,,Bharat Coking Coal Ltd [100.0%],GEM GCMT (Global_Coal_Mine_Tracker__August_2026.xlsx)
M1652,Bansra Coal Mine,coal_mine,underground & surface; coalfield: Raniganj,Subbituminous,operating,23.642317,87.139259,exact,West Bengal,0.7,Mtpa,1,,,Eastern Coalfields Ltd [100.0%],GEM GCMT (Global_Coal_Mine_Tracker__August_2026.xlsx)
M1653,Barjore Coal Mine,coal_mine,surface; coalfield: unknown,Subbituminous,operating,23.424232,87.285137,exact,West Bengal,0.5,Mtpa,1,,,West Bengal Power Development Corporation [100.0%],GEM GCMT (Global_Coal_Mine_Tracker__August_2026.xlsx)
M1654,Barmuri Coal Mine,coal_mine,surface; coalfield: unknown,Subbituminous,operating,23.782796,86.718731,approximate,Jharkhand,0.9,Mtpa,1,0.59,,Eastern Coalfields Ltd [100.0%],GEM GCMT (Global_Coal_Mine_Tracker__August_2026.xlsx)
M0479,Baroud Coal Mine,coal_mine,surface; coalfield: Mand-Raigarh,Subbituminous,operating,22.268463,83.345538,exact,Chhattisgarh,4.9,Mtpa,1,11.1,,South Eastern Coalfields Ltd [100.0%],GEM GCMT (Global_Coal_Mine_Tracker__August_2026.xlsx)
M1361,Barsingsar Coal Mine,coal_mine,surface; coalfield: unknown,Lignite,operating,27.829491,73.220464,exact,Tamil Nadu,2.1,Mtpa,1,9.71,,NLC India Ltd [100.0%],GEM GCMT (Global_Coal_Mine_Tracker__August_2026.xlsx)
M1655,Bartarai Coal Mine,coal_mine,underground; coalfield: Sohagpur,Subbituminous,operating,23.136999,82.065634,exact,Madhya Pradesh,0.47,Mtpa,1,,,South Eastern Coalfields Ltd [100.0%],GEM GCMT (Global_Coal_Mine_Tracker__August_2026.xlsx)
M2750,Bartunga Hill Coal Mine,coal_mine,underground; coalfield: unknown,Subbituminous,mothballed,23.174,82.335,exact,Chhattisgarh,,Mtpa,1,,,South Eastern Coalfields Ltd [100.0%],GEM GCMT (Global_Coal_Mine_Tracker__August_2026.xlsx)
M1656,Basantimata Coal Mine,coal_mine,underground; coalfield: Jharia,Subbituminous,operating,23.730779,86.756071,exact,Jharkhand,1.963,Mtpa,1,4.17,,Bharat Coking Coal Ltd [100.0%],GEM GCMT (Global_Coal_Mine_Tracker__August_2026.xlsx)
M1657,Bastacola Coal Mine,coal_mine,underground & surface; coalfield: Jharia,Subbituminous,operating,23.769756,86.41471,exact,Jharkhand,2.1,Mtpa,1,2.39,,Bharat Coking Coal Ltd [100.0%],GEM GCMT (Global_Coal_Mine_Tracker__August_2026.xlsx)
M0481,Basundhara (West) Coal Mine,coal_mine,surface; coalfield: Ib Valley,Lignite,operating,22.059284,83.7304,exact,Odisha,5.0,Mtpa,1,4.37,,Mahanadi Coalfields Ltd [100.0%],GEM GCMT (Global_Coal_Mine_Tracker__August_2026.xlsx)
M0482,Batura Coal Mine,coal_mine,surface; coalfield: Sohagpur,Lignite,operating,23.209521,81.639831,approximate,Madhya Pradesh,3.0,Mtpa,1,13.88,,South Eastern Coalfields Ltd [100.0%],GEM GCMT (Global_Coal_Mine_Tracker__August_2026.xlsx)
M1659,Behraband Coal Mine,coal_mine,underground; coalfield: Sohagpur,Subbituminous,operating,23.282233,82.093922,exact,Madhya Pradesh,0.6,Mtpa,1,7.7,,South Eastern Coalfields Ltd [100.0%],GEM GCMT (Global_Coal_Mine_Tracker__August_2026.xlsx)
M2624,Bejdih Coal Mine,coal_mine,underground; coalfield: unknown,Subbituminous,operating,23.6935,86.8753,exact,West Bengal,0.1,Mtpa,1,2.42,,Eastern Coalfields Ltd [100.0%],GEM GCMT (Global_Coal_Mine_Tracker__August_2026.xlsx)
M2817,Belgaon Coal Mine,coal_mine,underground; coalfield: Wardha Valley,Subbituminous,operating,20.329522,78.95774,exact,Maharashtra,0.27,Mtpa,1,3.83,,Sunflag Iron and Steel Co Ltd [100.0%],GEM GCMT (Global_Coal_Mine_Tracker__August_2026.xlsx)
M1661,Bellora-Naigaon Coal Mine,coal_mine,surface; coalfield: Wardha Valley,Subbituminous,operating,19.976764,79.088501,exact,Maharashtra,1.2,Mtpa,1,6.26,,Western Coalfields Ltd [100.0%],GEM GCMT (Global_Coal_Mine_Tracker__August_2026.xlsx)
M2638,Bermo Coal Mine,coal_mine,surface; coalfield: unknown,Subbituminous,mothballed,23.7843,85.9634,exact,Jharkhand,1.9,Mtpa,1,1.67,,Damodar Valley Corp [100.0%],GEM GCMT (Global_Coal_Mine_Tracker__August_2026.xlsx)
M1662,Bhadra Coal Mine,coal_mine,underground; coalfield: Sohagpur,Subbituminous,operating,23.189078,81.932398,exact,Madhya Pradesh,0.18,Mtpa,1,1.3,,South Eastern Coalfields Ltd [100.0%],GEM GCMT (Global_Coal_Mine_Tracker__August_2026.xlsx)
M2617,Bhagabandh Coal Mine,coal_mine,underground; coalfield: Jharia,Bituminous,mothballed,23.741464,86.386103,exact,Jharkhand,0.104,Mtpa,1,5.87,,Bharat Coking Coal Ltd [100.0%],GEM GCMT (Global_Coal_Mine_Tracker__August_2026.xlsx)
M2910,Bhanegaon Coal Mine,coal_mine,surface; coalfield: unknown,Subbituminous,operating,21.2685,79.1574,exact,Maharashtra,0.9,Mtpa,1,3.47,,Western Coalfields Ltd [100.0%],GEM GCMT (Global_Coal_Mine_Tracker__August_2026.xlsx)
M7200,Bhanora UG and OC Mine,coal_mine,underground & surface; coalfield: unknown,Subbituminous,operating,23.73205251,87.0258146610999,approximate,West Bengal,0.6,Mtpa,1,13.3,,Eastern Coalfields Ltd [100.0%],GEM GCMT (Global_Coal_Mine_Tracker__August_2026.xlsx)
M6680,Bhanora West UG Coal Mine,coal_mine,underground; coalfield: unknown,Subbituminous,operating,23.729521,86.993622,exact,West Bengal,0.74,Mtpa,1,6.8,,Eastern Coalfields Ltd [100.0%],GEM GCMT (Global_Coal_Mine_Tracker__August_2026.xlsx)
M0484,Bharatpur Coal Mine,coal_mine,surface; coalfield: Talcher,Lignite,operating,20.95753,85.128911,exact,Odisha,20.0,Mtpa,1,9.27,,Mahanadi Coalfields Ltd [100.0%],GEM GCMT (Global_Coal_Mine_Tracker__August_2026.xlsx)
M2967,Bhaskarpara Coal Mine,coal_mine,surface; coalfield: Jhilimili,Subbituminous,operating,23.355536,82.751378,exact,Chhattisgarh,15.0,Mtpa,1,9.32,,Prakash Industries Ltd [100.0%],GEM GCMT (Global_Coal_Mine_Tracker__August_2026.xlsx)
M0485,Bhatadi Coal Mine,coal_mine,surface; coalfield: Wardha Valley,Subbituminous,operating,20.05738,79.267357,exact,Maharashtra,1.5,Mtpa,1,8.5,,Western Coalfields Ltd [100.0%],GEM GCMT (Global_Coal_Mine_Tracker__August_2026.xlsx)
M1663,Bhatgaon Coal Mine,coal_mine,underground & surface; coalfield: Bisrampur,Subbituminous,operating,23.37063,82.99223,exact,Chhattisgarh,1.5,Mtpa,1,33.2,,South Eastern Coalfields Ltd [100.0%],GEM GCMT (Global_Coal_Mine_Tracker__August_2026.xlsx)
M2886,Bhavnagar Lignite Mine,coal_mine,surface; coalfield: unknown,Lignite,operating,21.67208367,72.23652471,exact,Gujarat,2.2,Mtpa,1,36.72,,Gujarat Mineral Development Corporation Limited [100.0%],GEM GCMT (Global_Coal_Mine_Tracker__August_2026.xlsx)
M0486,Bhubaneswari Coal Mine,coal_mine,surface; coalfield: Talcher,Lignite,operating,20.961693,85.160099,exact,Odisha,30.0,Mtpa,1,6.58,,Mahanadi Coalfields Ltd [100.0%],GEM GCMT (Global_Coal_Mine_Tracker__August_2026.xlsx)
M1664,Bhurkunda Coal Mine,coal_mine,underground & surface; coalfield: South Karanpura,Subbituminous,operating,23.657086,85.365226,exact,Jharkhand,1.75,Mtpa,1,9.1,,Central Coalfields Ltd [100.0%],GEM GCMT (Global_Coal_Mine_Tracker__August_2026.xlsx)
M4468,Bicharpur Coal Mine,coal_mine,underground; coalfield: Sohagpur,Bituminous,mothballed,23.265914,81.343859,exact,Madhya Pradesh,0.6,Mtpa,1,5.15,,UltraTech Cement Ltd [100.0%],GEM GCMT (Global_Coal_Mine_Tracker__August_2026.xlsx)
M0487,Bijari Coal Mine,coal_mine,surface; coalfield: Mand-Raigarh,Subbituminous,operating,22.2471,83.382797,exact,Chhattisgarh,2.25,Mtpa,1,2.73,,South Eastern Coalfields Ltd [100.0%],GEM GCMT (Global_Coal_Mine_Tracker__August_2026.xlsx)
M1666,Bijuri Coal Mine,coal_mine,underground; coalfield: Sohagpur,Subbituminous,operating,23.259109,82.122784,exact,Madhya Pradesh,0.48,Mtpa,1,2.16,,South Eastern Coalfields Ltd [100.0%],GEM GCMT (Global_Coal_Mine_Tracker__August_2026.xlsx)
M0488,Bina Coal Mine,coal_mine,surface; coalfield: Singrauli,Lignite,operating,24.1483,82.7476,exact,Madhya Pradesh,6.0,Mtpa,1,17.98,,Northern Coalfields Ltd [100.0%],GEM GCMT (Global_Coal_Mine_Tracker__August_2026.xlsx)
M0489,Block II (BOCP) Coal Mine,coal_mine,underground & surface; coalfield: Dhanbad,Bituminous,operating,23.783333,86.2,approximate,Jharkhand,5.8,Mtpa,1,9.06,,Bharat Coking Coal Ltd [100.0%],GEM GCMT (Global_Coal_Mine_Tracker__August_2026.xlsx)
M0490,Block-B Coal Mine,coal_mine,surface; coalfield: Singrauli,Lignite,operating,24.17502419,82.56028175,exact,Madhya Pradesh,8.0,Mtpa,1,13.39,,Northern Coalfields Ltd [100.0%],GEM GCMT (Global_Coal_Mine_Tracker__August_2026.xlsx)
M2792,Bokaro Opencast Coal Mine,coal_mine,surface; coalfield: unknown,Subbituminous,operating,23.787063,85.923633,approximate,Jharkhand,0.6,Mtpa,1,7.0,,Central Coalfields Ltd [100.0%],GEM GCMT (Global_Coal_Mine_Tracker__August_2026.xlsx)
M2909,Bonbahal Coal Mine,coal_mine,surface; coalfield: unknown,Subbituminous,mothballed,23.659607,87.206925,exact,West Bengal,0.5,Mtpa,1,,,Eastern Coalfields Ltd [100.0%],GEM GCMT (Global_Coal_Mine_Tracker__August_2026.xlsx)
M2859,Bonjemehari Coal Mine,coal_mine,underground; coalfield: Raniganj,Subbituminous,operating,23.769704,86.877669,exact,West Bengal,1.47,Mtpa,1,,,Eastern Coalfields Ltd [100.0%],GEM GCMT (Global_Coal_Mine_Tracker__August_2026.xlsx)
M2971,Brahmadiha Coal Mine,coal_mine,surface; coalfield: Giridih,Bituminous,operating,24.13618,86.319914,exact,Jharkhand,0.75,Mtpa,1,1.05,,Andhra Pradesh Mineral Development Corp [100.0%],GEM GCMT (Global_Coal_Mine_Tracker__August_2026.xlsx)
M2668,Central Kajora Coal Mine,coal_mine,underground; coalfield: Raniganj,Subbituminous,operating,23.600612,87.187419,exact,West Bengal,0.25,Mtpa,1,2.91,,Eastern Coalfields Ltd [100.0%],GEM GCMT (Global_Coal_Mine_Tracker__August_2026.xlsx)
M0492,Chandragupta Coal Mine,coal_mine,surface; coalfield: North Karanpura,Lignite,operating,23.9,85.03333,approximate,Jharkhand,15.0,Mtpa,1,14.95,,Central Coalfields Ltd [100.0%],GEM GCMT (Global_Coal_Mine_Tracker__August_2026.xlsx)
M2770,Chapapur II Coal Mine,coal_mine,underground & surface; coalfield: unknown,Subbituminous,operating,23.804826,86.675476,exact,Jharkhand,0.68,Mtpa,1,4.8,,Eastern Coalfields Ltd [100.0%],GEM GCMT (Global_Coal_Mine_Tracker__August_2026.xlsx)
M2625,Chapuikhas Colliery,coal_mine,underground; coalfield: unknown,Subbituminous,operating,23.6545,87.0449,approximate,West Bengal,0.06,Mtpa,1,4.12,,Eastern Coalfields Ltd [100.0%],GEM GCMT (Global_Coal_Mine_Tracker__August_2026.xlsx)
M3863,Chatti-Bariatu Coal Mine,coal_mine,surface; coalfield: unknown,Subbituminous,operating,24.0,85.36,approximate,Jharkhand,7.0,Mtpa,1,6.46,,NTPC Ltd [100.0%],GEM GCMT (Global_Coal_Mine_Tracker__August_2026.xlsx)
M0493,Chhal Coal Mine,coal_mine,surface; coalfield: Mand-Raigarh,Subbituminous,operating,22.100202,83.110483,exact,Chhattisgarh,7.0,Mtpa,1,6.41,,South Eastern Coalfields Ltd [100.0%],GEM GCMT (Global_Coal_Mine_Tracker__August_2026.xlsx)
M2849,Chhatarpur-I Coal Mine,coal_mine,underground; coalfield: unknown,Subbituminous,operating,22.15,78.1,exact,Madhya Pradesh,0.334,Mtpa,1,8.25,,Western Coalfields Ltd [100.0%],GEM GCMT (Global_Coal_Mine_Tracker__August_2026.xlsx)
M2689,Chhatarpur-II Coal Mine,coal_mine,underground; coalfield: unknown,Subbituminous,mothballed,22.1417,78.1,exact,Madhya Pradesh,,Mtpa,1,,,Western Coalfields Ltd [100.0%],GEM GCMT (Global_Coal_Mine_Tracker__August_2026.xlsx)
M1670,Chhinda Coal Mine,coal_mine,surface; coalfield: unknown,Subbituminous,operating,22.213831,78.843954,exact,Madhya Pradesh,0.6,Mtpa,1,1.07,,Western Coalfields Ltd [100.0%],GEM GCMT (Global_Coal_Mine_Tracker__August_2026.xlsx)
M2655,Chinakuri III Coal Mine,coal_mine,underground; coalfield: unknown,Subbituminous,operating,23.6853,86.8596,exact,West Bengal,0.2,Mtpa,1,2.09,,Eastern Coalfields Ltd [100.0%],GEM GCMT (Global_Coal_Mine_Tracker__August_2026.xlsx)
M0494,Chirimiri Coal Mine,coal_mine,underground & surface; coalfield: Chirimiri,Subbituminous,operating,23.183958,82.336684,exact,Chhattisgarh,1.65,Mtpa,1,24.0,,South Eastern Coalfields Ltd [100.0%],GEM GCMT (Global_Coal_Mine_Tracker__August_2026.xlsx)
M0495,Chitra East Coal Mine,coal_mine,surface; coalfield: Deoghar,Subbituminous,operating,24.11728746,86.8639348448008,exact,Jharkhand,2.48,Mtpa,1,7.8,,Eastern Coalfields Ltd [100.0%],GEM GCMT (Global_Coal_Mine_Tracker__August_2026.xlsx)
M4430,"Chora 7,9&10 Coal Mine",coal_mine,underground; coalfield: unknown,Subbituminous,operating,23.1917713,86.5147689,approximate,West Bengal,0.21,Mtpa,1,,,Eastern Coalfields Ltd [100.0%],GEM GCMT (Global_Coal_Mine_Tracker__August_2026.xlsx)
M2739,Chora UG Coal Mine,coal_mine,underground; coalfield: Burdwan,Subbituminous,operating,23.672877,87.203167,exact,West Bengal,0.1,Mtpa,1,,,Eastern Coalfields Ltd [100.0%],GEM GCMT (Global_Coal_Mine_Tracker__August_2026.xlsx)
M0496,Chotia Coal Mine,coal_mine,surface; coalfield: Hasdeo Arand,Subbituminous,operating,22.780896,82.476655,exact,Chhattisgarh,1.4,Mtpa,1,11.79,,Bharat Aluminium Company Ltd [100.0%],GEM GCMT (Global_Coal_Mine_Tracker__August_2026.xlsx)
M1672,Churcha RO Coal Mine,coal_mine,underground; coalfield: Chirimiri,Subbituminous,operating,23.335952,82.519611,exact,Chhattisgarh,2.1,Mtpa,1,3.59,,South Eastern Coalfields Ltd [100.0%],GEM GCMT (Global_Coal_Mine_Tracker__August_2026.xlsx)
M2873,Churi Coal Mine,coal_mine,underground; coalfield: North Karanpura,Subbituminous,operating,23.679012,85.044766,exact,Jharkhand,0.81,Mtpa,1,7.68,,Central Coalfields Ltd [100.0%],GEM GCMT (Global_Coal_Mine_Tracker__August_2026.xlsx)
M2644,CL Jambad Coal Mine,coal_mine,underground; coalfield: unknown,Subbituminous,operating,23.65457,87.197937,exact,West Bengal,0.96,Mtpa,1,,,Eastern Coalfields Ltd [100.0%],GEM GCMT (Global_Coal_Mine_Tracker__August_2026.xlsx)
M2752,D. Rayatwari Coal Mine,coal_mine,underground; coalfield: unknown,Subbituminous,operating,19.9598,79.3109,exact,Maharashtra,0.9,Mtpa,1,7.79,,Western Coalfields Ltd [100.0%],GEM GCMT (Global_Coal_Mine_Tracker__August_2026.xlsx)
M0508,Dabor Coal Mine,coal_mine,underground & surface; coalfield: Raniganj,Subbituminous,operating,23.789723,86.915206,exact,West Bengal,2.3,Mtpa,1,3.47,,Eastern Coalfields Ltd [100.0%],GEM GCMT (Global_Coal_Mine_Tracker__August_2026.xlsx)
M2877,Dakra Bukbuka Coal Mine,coal_mine,surface; coalfield: North Karanpura,Subbituminous,operating,23.663881,85.000762,exact,Jharkhand,1.2,Mtpa,1,2.49,,Central Coalfields Ltd [100.0%],GEM GCMT (Global_Coal_Mine_Tracker__August_2026.xlsx)
M1673,Damini Coal Mine,coal_mine,underground; coalfield: Sohagpur,Subbituminous,operating,23.141744,81.470502,exact,Madhya Pradesh,0.48,Mtpa,1,3.35,,South Eastern Coalfields Ltd [100.0%],GEM GCMT (Global_Coal_Mine_Tracker__August_2026.xlsx)
M4431,Damoda Coal Mine,coal_mine,surface; coalfield: unknown,Bituminous,operating,23.68031,86.147729,approximate,Jharkhand,1.17,Mtpa,1,5.75,,Bharat Coking Coal Ltd [100.0%],GEM GCMT (Global_Coal_Mine_Tracker__August_2026.xlsx)
M2584,Deulbera Coal Mine,coal_mine,underground; coalfield: unknown,Subbituminous,mothballed,20.9513,85.2069,approximate,Odisha,0.2,Mtpa,1,,,Mahanadi Coalfields Ltd [100.0%],GEM GCMT (Global_Coal_Mine_Tracker__August_2026.xlsx)
M2992,Dhankasa Coal Mine,coal_mine,underground; coalfield: Pench-Kanhan Valley,Subbituminous,operating,22.294167,78.984444,exact,Madhya Pradesh,1.2,Mtpa,1,5.8,,Western Coalfields Ltd [100.0%],GEM GCMT (Global_Coal_Mine_Tracker__August_2026.xlsx)
M2916,Dhansar Coal Mine,coal_mine,surface; coalfield: Jharia,Bituminous,operating,23.773116,86.399933,approximate,Jharkhand,0.99,Mtpa,1,2.77,,Bharat Coking Coal Ltd [100.0%],GEM GCMT (Global_Coal_Mine_Tracker__August_2026.xlsx)
M1674,Dhelwadih Coal Mine,coal_mine,underground; coalfield: Korba,Subbituminous,operating,22.461705,82.563349,exact,Chhattisgarh,0.33,Mtpa,1,7.42,,South Eastern Coalfields Ltd [100.0%],GEM GCMT (Global_Coal_Mine_Tracker__August_2026.xlsx)
M2643,Dhemonmain Coal Mine,coal_mine,underground; coalfield: unknown,Subbituminous,operating,23.7046,86.9087,exact,West Bengal,0.21,Mtpa,1,16.23,,Eastern Coalfields Ltd [100.0%],GEM GCMT (Global_Coal_Mine_Tracker__August_2026.xlsx)
M0511,Dhirauli Coal Mine,coal_mine,underground & surface; coalfield: Singrauli,Subbituminous,operating,23.936115,82.317817,approximate,Madhya Pradesh,6.5,Mtpa,1,26.72,,Stratatech Mineral Resources Pvt Ltd [100.0%],GEM GCMT (Global_Coal_Mine_Tracker__August_2026.xlsx)
M2707,Dhori- Khas Coal Mine,coal_mine,underground; coalfield: unknown,Subbituminous,operating,23.781699,86.013284,exact,Jharkhand,0.166,Mtpa,1,2.1,,Central Coalfields Ltd [100.0%],GEM GCMT (Global_Coal_Mine_Tracker__August_2026.xlsx)
M4432,Dhuptala Coal Mine,coal_mine,surface; coalfield: unknown,Lignite,operating,19.82303037,79.3396561629762,exact,Maharashtra,1.35,Mtpa,1,13.0,,Western Coalfields Ltd [100.0%],GEM GCMT (Global_Coal_Mine_Tracker__August_2026.xlsx)
M0571,Dinesh (Makardhokra-III) Coal Mine,coal_mine,surface; coalfield: Nagpur,Subbituminous,operating,20.8764,79.2235,exact,Maharashtra,4.5,Mtpa,1,9.2,,Western Coalfields Ltd [100.0%],GEM GCMT (Global_Coal_Mine_Tracker__August_2026.xlsx)
M0513,Dipka Coal Mine,coal_mine,surface; coalfield: Korba,Lignite,operating,22.345077,82.544192,exact,Chhattisgarh,35.0,Mtpa,1,20.0,,South Eastern Coalfields Ltd [100.0%],GEM GCMT (Global_Coal_Mine_Tracker__August_2026.xlsx)
M2653,Dubeshwari OC Coal Mine,coal_mine,surface; coalfield: unknown,Subbituminous,mothballed,23.660393,86.821519,exact,West Bengal,0.13,Mtpa,1,,,Eastern Coalfields Ltd [100.0%],GEM GCMT (Global_Coal_Mine_Tracker__August_2026.xlsx)
M6681,Dubeshwari UG Coal Mine,coal_mine,underground; coalfield: unknown,Subbituminous,operating,23.660393,86.821519,exact,West Bengal,0.18,Mtpa,1,2.4,,Eastern Coalfields Ltd [100.0%],GEM GCMT (Global_Coal_Mine_Tracker__August_2026.xlsx)
M0514,Dudhichua Coal Mine,coal_mine,surface; coalfield: Singrauli,Subbituminous,operating,24.16474,82.67287,exact,Uttar Pradesh,25.5,Mtpa,1,23.91,,Northern Coalfields Ltd [100.0%],GEM GCMT (Global_Coal_Mine_Tracker__August_2026.xlsx)
M0515,Dulanga Coal Mine,coal_mine,surface; coalfield: Talcher,Lignite,operating,21.951705,83.807564,exact,Odisha,7.0,Mtpa,1,6.54,,NTPC Ltd [100.0%],GEM GCMT (Global_Coal_Mine_Tracker__August_2026.xlsx)
M0517,Durgapur Coal Mine,coal_mine,surface; coalfield: Wardha Valley,Subbituminous,operating,20.0081,79.2989,approximate,Maharashtra,2.3,Mtpa,1,16.23,,Western Coalfields Ltd [100.0%],GEM GCMT (Global_Coal_Mine_Tracker__August_2026.xlsx)
M2883,East Bassuriya Coal Mine,coal_mine,surface; coalfield: Jharia,Bituminous,operating,23.800946,86.371018,exact,Jharkhand,1.2,Mtpa,1,1.41,,Bharat Coking Coal Ltd [100.0%],GEM GCMT (Global_Coal_Mine_Tracker__August_2026.xlsx)
M0518,Ena Coal Mine,coal_mine,surface; coalfield: Dhanbad,Subbituminous,operating,23.7568,86.4094,approximate,Jharkhand,,Mtpa,1,2.16,,Bharat Coking Coal Ltd [100.0%],GEM GCMT (Global_Coal_Mine_Tracker__August_2026.xlsx)
M4433,Gangaramchak & Gangaramchak-Bhadulia Coal Mine,coal_mine,surface; coalfield: Ranigan,Lignite,operating,23.81116575,87.2106843190803,exact,West Bengal,2.25,Mtpa,1,1.9,,West Bengal Power Development Corp Ltd [100.0%],GEM GCMT (Global_Coal_Mine_Tracker__August_2026.xlsx)
M3870,Gare Palma II Coal Mine,coal_mine,surface; coalfield: Mand Raigarh,Subbituminous,operating,22.11866,83.53358,approximate,Chhattisgarh,23.6,Mtpa,1,25.88,,Maharashtra State Power Generation Co Ltd [100.0%],GEM GCMT (Global_Coal_Mine_Tracker__August_2026.xlsx)
M4434,Gare Palma III Coal Mine,coal_mine,surface; coalfield: unknown,Lignite,operating,22.11866,83.53358,approximate,Chhattisgarh,6.5,Mtpa,1,7.14,,Chhattisgarh State Power Generation Co Ltd [100.0%],GEM GCMT (Global_Coal_Mine_Tracker__August_2026.xlsx)
M0520,Gare Palma IV 1 Coal Mine,coal_mine,surface; coalfield: Mand Raigarh,Lignite,operating,22.11866,83.53358,exact,Chhattisgarh,,Mtpa,1,8.85,,Jindal Steel & Power Ltd [100.0%],GEM GCMT (Global_Coal_Mine_Tracker__August_2026.xlsx)
M2514,Gare Palma IV 2 & 3 Coal Mine,coal_mine,surface; coalfield: unknown,Subbituminous,operating,22.1199,83.5362,exact,Chhattisgarh,7.0,Mtpa,1,8.75,,Jindal Power Ltd [100.0%],GEM GCMT (Global_Coal_Mine_Tracker__August_2026.xlsx)
M4435,Gare Palma IV 2 & 3 OC Mine,coal_mine,surface; coalfield: unknown,Subbituminous,operating,22.13081284,83.5203883717038,approximate,Chhattisgarh,4.5,Mtpa,1,9.65,,South Eastern Coalfields Ltd [100.0%],GEM GCMT (Global_Coal_Mine_Tracker__August_2026.xlsx)
M2884,Gare Palma IV 4 Coal Mine,coal_mine,underground & surface; coalfield: unknown,Subbituminous,operating,22.15,83.5415,exact,Chhattisgarh,0.9,Mtpa,1,6.83,,Hindalco Industries Ltd [100.0%],GEM GCMT (Global_Coal_Mine_Tracker__August_2026.xlsx)
M2724,Gare Palma IV 5 OC Coal Mine,coal_mine,surface; coalfield: unknown,Subbituminous,mothballed,22.1621,83.5321,exact,Chhattisgarh,,Mtpa,1,,,CK Birla Group [100.0%],GEM GCMT (Global_Coal_Mine_Tracker__August_2026.xlsx)
M4436,Gare Palma IV 5 UG Coal Mine,coal_mine,underground; coalfield: unknown,Subbituminous,mothballed,22.13331695,83.5188582145629,approximate,Chhattisgarh,0.9,Mtpa,1,,,Hindalco Industries Ltd [100.0%],GEM GCMT (Global_Coal_Mine_Tracker__August_2026.xlsx)
M4437,Gare Palma IV 6 Coal Mine,coal_mine,underground & surface; coalfield: unknown,Subbituminous,operating,22.11866,83.53358,exact,Chhattisgarh,4.0,Mtpa,1,3.81,,Jindal Steel & Power Ltd [100.0%],GEM GCMT (Global_Coal_Mine_Tracker__August_2026.xlsx)
M0522,Gare Palma IV 7 Coal Mine,coal_mine,surface; coalfield: Mand Raigarh,Lignite,operating,22.11866,83.53358,exact,Chhattisgarh,1.8,Mtpa,1,4.8,,Sarda Energy & Minerals Ltd [100.0%],GEM GCMT (Global_Coal_Mine_Tracker__August_2026.xlsx)
M0523,Gare Palma IV 8 Coal Mine,coal_mine,underground & surface; coalfield: Mand Raigarh,Lignite,operating,22.11866,83.53358,exact,Chhattisgarh,0.9,Mtpa,1,4.9,,Ambujia Cements Ltd [100.0%],GEM GCMT (Global_Coal_Mine_Tracker__August_2026.xlsx)
M0524,Garjanbahal Coal Mine,coal_mine,surface; coalfield: Ib Valley,Subbituminous,operating,22.034519,83.74266,exact,Odisha,20.21,Mtpa,1,6.54,,Mahanadi Coalfields Ltd [100.0%],GEM GCMT (Global_Coal_Mine_Tracker__August_2026.xlsx)
M2812,Gayatri Coal Mine,coal_mine,underground; coalfield: unknown,Subbituminous,operating,23.1097,82.9051,exact,Chhattisgarh,0.6,Mtpa,1,5.1,,South Eastern Coalfields Ltd [100.0%],GEM GCMT (Global_Coal_Mine_Tracker__August_2026.xlsx)
M0527,Gevra Coal Mine,coal_mine,surface; coalfield: Korba,Subbituminous,operating,22.336312,82.545748,exact,Chhattisgarh,70.0,Mtpa,1,40.0,,South Eastern Coalfields Ltd [100.0%],GEM GCMT (Global_Coal_Mine_Tracker__August_2026.xlsx)
M7247,Ghogha-Surka Lignite Mine,coal_mine,surface; coalfield: unknown,Lignite,operating,21.66707821,72.2052325421232,exact,Gujarat,2.25,Mtpa,1,13.55,,Gujarat Power Corporation Ltd [100.0%],GEM GCMT (Global_Coal_Mine_Tracker__August_2026.xlsx)
M2893,Ghonsa Coal Mine,coal_mine,surface; coalfield: unknown,Subbituminous,operating,19.9647,78.8326,exact,Maharashtra,0.6,Mtpa,1,2.79,,Western Coalfields Ltd [100.0%],GEM GCMT (Global_Coal_Mine_Tracker__August_2026.xlsx)
M2786,Ghorawari No. 1 Coal Mine,coal_mine,surface; coalfield: unknown,Subbituminous,mothballed,21.8957854,79.28112756,exact,Madhya Pradesh,1.2,Mtpa,1,12.96,,Western Coalfields Ltd [100.0%],GEM GCMT (Global_Coal_Mine_Tracker__August_2026.xlsx)
M2717,Gidi - A Open Cast Coal Mine,coal_mine,surface; coalfield: South Karanpura,Subbituminous,operating,23.691251,85.359806,exact,Jharkhand,0.9,Mtpa,1,,,Central Coalfields Ltd [100.0%],GEM GCMT (Global_Coal_Mine_Tracker__August_2026.xlsx)
M2862,Gidi - C Open Cast Coal Mine,coal_mine,surface; coalfield: South Karanpura,Subbituminous,mothballed,23.693944,85.357747,exact,Jharkhand,0.6,Mtpa,1,,,Central Coalfields Ltd [100.0%],GEM GCMT (Global_Coal_Mine_Tracker__August_2026.xlsx)
M2776,Giral Coal Mine,coal_mine,surface; coalfield: unknown,Lignite,mothballed,26.0124,71.1347,exact,Rajasthan,0.9,Mtpa,1,,,Rajasthan State Mines and Minerals limited (RSMML) [100.0%],GEM GCMT (Global_Coal_Mine_Tracker__August_2026.xlsx)
M2729,Giridih Coal Mine,coal_mine,surface; coalfield: unknown,Subbituminous,mothballed,24.1734,86.2539,approximate,Jharkhand,0.23,Mtpa,1,2.79,,Central Coalfields Ltd [100.0%],GEM GCMT (Global_Coal_Mine_Tracker__August_2026.xlsx)
M1677,Godavarikhani Coal Mines,coal_mine,underground & surface; coalfield: Godavari,Subbituminous,operating,18.745558,79.508334,approximate,Telangana,4.0,Mtpa,1,13.85,,The Singareni Collieries Co Ltd [100.0%],GEM GCMT (Global_Coal_Mine_Tracker__August_2026.xlsx)
M1679,Godavarikhani-11A Incline Coal Mine,coal_mine,underground; coalfield: Godavari,Subbituminous,mothballed,18.6916667,79.5494444444444,exact,Telangana,1.4,Mtpa,1,1.97,,The Singareni Collieries Co Ltd [100.0%],GEM GCMT (Global_Coal_Mine_Tracker__August_2026.xlsx)
M0528,Gokul Coal Mine,coal_mine,surface; coalfield: Umrer Nand Bander,Subbituminous,operating,20.6697222,79.29638889,exact,Maharashtra,1.88,Mtpa,1,7.56,,Western Coalfields Ltd [100.0%],GEM GCMT (Global_Coal_Mine_Tracker__August_2026.xlsx)
M0529,Gondegaon-Ghatrohana Coal Mine,coal_mine,surface; coalfield: Nagpur,Subbituminous,operating,21.26629731,79.19242476,exact,Maharashtra,3.5,Mtpa,1,9.2,,Western Coalfields Ltd [100.0%],GEM GCMT (Global_Coal_Mine_Tracker__August_2026.xlsx)
M2807,Gondudih Khas Kusunda Coal Mine,coal_mine,surface; coalfield: Jharia,Bituminous,operating,23.804,86.3773,exact,Jharkhand,2.6,Mtpa,1,4.1,,Bharat Coking Coal Ltd [100.0%],GEM GCMT (Global_Coal_Mine_Tracker__August_2026.xlsx)
M2602,Gopalichak Coal Mine,coal_mine,surface; coalfield: Jharia,Bituminous,operating,23.77983,86.343243,exact,Jharkhand,,Mtpa,1,2.42,,Bharat Coking Coal Ltd [100.0%],GEM GCMT (Global_Coal_Mine_Tracker__August_2026.xlsx)
M0552,Gopalji Kaniha Coal Mine,coal_mine,surface; coalfield: Talcher,Subbituminous,operating,21.095844,85.079292,exact,Odisha,14.0,Mtpa,1,7.18,,Mahanadi Coalfields Ltd [100.0%],GEM GCMT (Global_Coal_Mine_Tracker__August_2026.xlsx)
M6713,Gopinathpur–Shampur A UG & OC Mine,coal_mine,underground & surface; coalfield: unknown,Subbituminous,operating,23.75017066,86.7441905060008,approximate,Jharkhand,0.4,Mtpa,1,5.2,,Eastern Coalfields Ltd [100.0%],GEM GCMT (Global_Coal_Mine_Tracker__August_2026.xlsx)
M2972,Gotitoria East & Gotitoria West Coal Mine,coal_mine,surface; coalfield: Mohapani,Subbituminous,operating,22.733254,78.813088,exact,Madhya Pradesh,0.3,Mtpa,1,3.16,,Boulder Stone Mart [100.0%],GEM GCMT (Global_Coal_Mine_Tracker__August_2026.xlsx)
M2966,Gourandih Begunia Coal Mine,coal_mine,surface; coalfield: unknown,Subbituminous,operating,23.805,87.02553,exact,West Bengal,3.5,Mtpa,1,18.65,,Eastern Coalfields Ltd [100.0%],GEM GCMT (Global_Coal_Mine_Tracker__August_2026.xlsx)
M2706,Gouranoih Expansion Mine,coal_mine,surface; coalfield: unknown,Subbituminous,operating,23.8153,86.9947,exact,West Bengal,,Mtpa,1,,,Eastern Coalfields Ltd [100.0%],GEM GCMT (Global_Coal_Mine_Tracker__August_2026.xlsx)
M2892,Gouri Deep Coal Mine,coal_mine,surface; coalfield: unknown,Subbituminous,operating,19.7741,79.2902,exact,Maharashtra,0.6,Mtpa,1,3.56,,Western Coalfields Ltd [100.0%],GEM GCMT (Global_Coal_Mine_Tracker__August_2026.xlsx)
M0532,Gouthamkhani Coal Mine,coal_mine,surface; coalfield: Bhadradri Kothagudem,Subbituminous,operating,17.2615,80.3738,exact,Telangana,3.0,Mtpa,1,9.02,,The Singareni Collieries Co Ltd [100.0%],GEM GCMT (Global_Coal_Mine_Tracker__August_2026.xlsx)
M1365,Govindpur Coal Mine,coal_mine,surface; coalfield: East Bokaro,Subbituminous,operating,23.803195,85.866553,exact,Jharkhand,0.9,Mtpa,1,2.3,,Central Coalfields Ltd [100.0%],GEM GCMT (Global_Coal_Mine_Tracker__August_2026.xlsx)
M2903,Gurha East Lignite Mine,coal_mine,surface; coalfield: unknown,Lignite,operating,27.52314,72.51259,exact,Rajasthan,1.0,Mtpa,1,,,VS Lignite Power Pvt Ltd [100.0%],GEM GCMT (Global_Coal_Mine_Tracker__August_2026.xlsx)
M1680,Haldibari Coal Mine,coal_mine,underground; coalfield: Jhilimili,Subbituminous,operating,23.223784,82.149577,exact,Chhattisgarh,0.6,Mtpa,1,3.9,,South Eastern Coalfields Ltd [100.0%],GEM GCMT (Global_Coal_Mine_Tracker__August_2026.xlsx)
M2654,Hariajam Coal Mine,coal_mine,underground; coalfield: unknown,Subbituminous,operating,23.792582,86.690235,exact,Jharkhand,0.08,Mtpa,1,3.16,,Eastern Coalfields Ltd [100.0%],GEM GCMT (Global_Coal_Mine_Tracker__August_2026.xlsx)
M2577,Hesagara Coal Mine,coal_mine,underground; coalfield: unknown,Subbituminous,mothballed,23.7602,85.505,approximate,Jharkhand,10.0,Mtpa,1,,,Central Coalfields Ltd [100.0%],GEM GCMT (Global_Coal_Mine_Tracker__August_2026.xlsx)
M0533,Hingula-II Coal Mine,coal_mine,surface; coalfield: Talcher,Lignite,operating,20.966051,85.01637,exact,Odisha,15.0,Mtpa,1,15.75,,Mahanadi Coalfields Ltd [100.0%],GEM GCMT (Global_Coal_Mine_Tracker__August_2026.xlsx)
M2854,Hirakhand Bundia Incline Mine,coal_mine,underground; coalfield: unknown,Subbituminous,operating,21.7819,83.9151,exact,Odisha,0.9,Mtpa,1,,,Mahanadi Coalfields Ltd [100.0%],GEM GCMT (Global_Coal_Mine_Tracker__August_2026.xlsx)
M2987,Hura C Coal Mine,coal_mine,surface; coalfield: Rajmahal,Subbituminous,operating,25.051986,87.832422,approximate,Jharkhand,3.0,Mtpa,1,10.63,,Eastern Coalfields Ltd [100.0%],GEM GCMT (Global_Coal_Mine_Tracker__August_2026.xlsx)
M2800,IK 1A Coal Mine,coal_mine,underground; coalfield: unknown,Subbituminous,operating,18.8063,79.5208,approximate,Telangana,0.54,Mtpa,1,1.83,,The Singareni Collieries Co Ltd [100.0%],GEM GCMT (Global_Coal_Mine_Tracker__August_2026.xlsx)
M0534,Indaram Coal Mine Project,coal_mine,surface; coalfield: Godavari,Lignite,operating,18.775,79.46666667,exact,Telangana,1.5,Mtpa,1,8.47,,The Singareni Collieries Co Ltd [100.0%],GEM GCMT (Global_Coal_Mine_Tracker__August_2026.xlsx)
M6714,Integrated Baranj Mine,coal_mine,surface; coalfield: unknown,Subbituminous,operating,20.150267,79.101211,approximate,Maharashtra,3.4,Mtpa,1,14.57,,Karnataka Power Corporation Limited [100.0%],GEM GCMT (Global_Coal_Mine_Tracker__August_2026.xlsx)
M0535,"Integrated Belpahar, Lakhanpur, Lilari Coal Mine",coal_mine,surface; coalfield: Ib Valley,Lignite,operating,21.771004,83.854397,approximate,Odisha,40.0,Mtpa,1,44.0,,Mahanadi Coalfields Ltd [100.0%],GEM GCMT (Global_Coal_Mine_Tracker__August_2026.xlsx)
M0536,Itapara Coal Mine,coal_mine,surface; coalfield: Raniganj,Lignite,operating,23.7879,86.9786,exact,West Bengal,3.5,Mtpa,1,8.56,,Eastern Coalfields Ltd [100.0%],GEM GCMT (Global_Coal_Mine_Tracker__August_2026.xlsx)
M0537,Jagannath Coal Mine,coal_mine,surface; coalfield: Talcher,Lignite,operating,20.949857,85.147665,exact,Odisha,8.35,Mtpa,1,5.54,,Mahanadi Coalfields Ltd [100.0%],GEM GCMT (Global_Coal_Mine_Tracker__August_2026.xlsx)
M2697,Jagannathpur Coal Mine,coal_mine,surface; coalfield: Bisrampur,Subbituminous,operating,23.3704,83.215,exact,Chhattisgarh,4.2,Mtpa,1,6.86,,South Eastern Coalfields Ltd [100.0%],GEM GCMT (Global_Coal_Mine_Tracker__August_2026.xlsx)
M2963,Jalipa Lignite Block Coal Mine,coal_mine,surface; coalfield: unknown,Subbituminous,operating,25.5138,71.2436,exact,Rajasthan,,Mtpa,1,39.82,,Barmer Lignite Mining Company Limited [100.0%],GEM GCMT (Global_Coal_Mine_Tracker__August_2026.xlsx)
M0539,Jamkhani Coal Mine,coal_mine,surface; coalfield: Ib Valley,Subbituminous,operating,22.105539,83.592888,approximate,Odisha,2.6,Mtpa,1,10.0,,Vedanta Ltd [100.0%],GEM GCMT (Global_Coal_Mine_Tracker__August_2026.xlsx)
M0540,Jampali Coal Mine,coal_mine,surface; coalfield: Mand-Raigarh,Subbituminous,operating,22.2713889,83.2811,exact,Chhattisgarh,3.0,Mtpa,1,6.58,,South Eastern Coalfields Ltd [100.0%],GEM GCMT (Global_Coal_Mine_Tracker__August_2026.xlsx)
M1684,Jamuna UG Coal Mine,coal_mine,underground; coalfield: Sohagpur,Subbituminous,mothballed,23.16815,81.942397,exact,Madhya Pradesh,0.2,Mtpa,1,9.15,,South Eastern Coalfields Ltd [100.0%],GEM GCMT (Global_Coal_Mine_Tracker__August_2026.xlsx)
M2919,Jarangdih Coal Mine,coal_mine,surface; coalfield: unknown,Subbituminous,operating,23.775944,85.911907,exact,Jharkhand,2.08,Mtpa,1,,,Central Coalfields Ltd [100.0%],GEM GCMT (Global_Coal_Mine_Tracker__August_2026.xlsx)
M0542,Jayant Coal Mine,coal_mine,surface; coalfield: Singrauli,Subbituminous,operating,24.1583,82.6546,exact,Madhya Pradesh,30.0,Mtpa,1,31.77,,Northern Coalfields Ltd [100.0%],GEM GCMT (Global_Coal_Mine_Tracker__August_2026.xlsx)
M0543,Jhanjra Coal Mine,coal_mine,underground; coalfield: Paschim Bardhaman,Subbituminous,operating,23.665321,87.313146,exact,West Bengal,5.0,Mtpa,1,15.2,,Eastern Coalfields Ltd [100.0%],GEM GCMT (Global_Coal_Mine_Tracker__August_2026.xlsx)
M2962,Jharkhand Coal Mine,coal_mine,surface; coalfield: unknown,Subbituminous,operating,23.798166,85.586162,approximate,Jharkhand,2.0,Mtpa,1,1.23,,Central Coalfields Ltd [100.0%],GEM GCMT (Global_Coal_Mine_Tracker__August_2026.xlsx)
M1687,Jhilmili Coal Mine,coal_mine,underground; coalfield: Jhilimili,Subbituminous,operating,23.350314,82.728807,exact,Chhattisgarh,0.5,Mtpa,1,9.72,,South Eastern Coalfields Ltd [100.0%],GEM GCMT (Global_Coal_Mine_Tracker__August_2026.xlsx)
M0545,Jhingurda Coal Mine,coal_mine,surface; coalfield: Singrauli,Subbituminous,operating,24.212132,82.698427,exact,Madhya Pradesh,2.4,Mtpa,1,12.0,,Northern Coalfields Ltd [100.0%],GEM GCMT (Global_Coal_Mine_Tracker__August_2026.xlsx)
M4441,Jhiria UG Coal Mine,coal_mine,underground; coalfield: unknown,Subbituminous,operating,22.0101504,82.6666331,approximate,Chhattisgarh,0.33,Mtpa,1,5.6,,South Eastern Coalfields Ltd [100.0%],GEM GCMT (Global_Coal_Mine_Tracker__August_2026.xlsx)
M2728,JK Nagar Coal Mine,coal_mine,underground & surface; coalfield: unknown,Subbituminous,operating,23.650069,87.071513,exact,West Bengal,0.42,Mtpa,1,12.37,,Eastern Coalfields Ltd [100.0%],GEM GCMT (Global_Coal_Mine_Tracker__August_2026.xlsx)
M2637,Jogidih Coal Mine,coal_mine,underground; coalfield: Jharia,Bituminous,operating,23.808718,86.257656,exact,Jharkhand,0.317,Mtpa,1,1.67,,Bharat Coking Coal Ltd [100.0%],GEM GCMT (Global_Coal_Mine_Tracker__August_2026.xlsx)
M1690,Junad Coal Mine,coal_mine,surface; coalfield: Wardha Valley,Subbituminous,operating,20.058148,79.052317,exact,Maharashtra,1.2,Mtpa,1,4.49,,Western Coalfields Ltd [100.0%],GEM GCMT (Global_Coal_Mine_Tracker__August_2026.xlsx)
M4442,JVR I & II Coal Mine,coal_mine,surface; coalfield: Godavari Valley,Subbituminous,operating,17.20352062,80.7983315146329,exact,Telangana,12.0,Mtpa,1,19.1,,The Singareni Collieries Co Ltd [100.0%],GEM GCMT (Global_Coal_Mine_Tracker__August_2026.xlsx)
M2890,K. D. H. Coal Mine,coal_mine,surface; coalfield: North Karanpura,Subbituminous,operating,23.663881,85.000762,exact,Jharkhand,3.0,Mtpa,1,5.46,,Central Coalfields Ltd [100.0%],GEM GCMT (Global_Coal_Mine_Tracker__August_2026.xlsx)
M2550,Kabribad Coal Mine,coal_mine,surface; coalfield: unknown,Subbituminous,operating,24.1572,86.3006,exact,Jharkhand,0.5,Mtpa,1,,,Central Coalfields Ltd [100.0%],GEM GCMT (Global_Coal_Mine_Tracker__August_2026.xlsx)
M4444,Kakatiya Khani Opencast-3 Coal Mine,coal_mine,surface; coalfield: Godavari,Subbituminous,operating,18.434261,79.857403,approximate,Telangana,2.5,Mtpa,1,13.37,,The Singareni Collieries Co Ltd [100.0%],GEM GCMT (Global_Coal_Mine_Tracker__August_2026.xlsx)
M1691,Kakatiya Khani-1 & 1A Coal Mine,coal_mine,underground; coalfield: Godavari,Subbituminous,operating,18.465613,79.840804,approximate,Telangana,0.6,Mtpa,1,5.6,,The Singareni Collieries Co Ltd [100.0%],GEM GCMT (Global_Coal_Mine_Tracker__August_2026.xlsx)
M1693,Kakatiya Khani-3 Coal Mine,coal_mine,underground; coalfield: Godavari,Subbituminous,mothballed,18.434261,79.857403,approximate,Telangana,3.0,Mtpa,1,13.37,,The Singareni Collieries Co Ltd [100.0%],GEM GCMT (Global_Coal_Mine_Tracker__August_2026.xlsx)
M1694,Kakatiya Khani-5 &5A Coal Mine,coal_mine,underground; coalfield: Godavari,Subbituminous,operating,18.433594,79.858582,exact,Telangana,0.6,Mtpa,1,3.17,,The Singareni Collieries Co Ltd [100.0%],GEM GCMT (Global_Coal_Mine_Tracker__August_2026.xlsx)
M1695,Kakatiya Khani-6 & 6A Incline,coal_mine,underground; coalfield: Godavari,Subbituminous,operating,18.465613,79.840804,approximate,Telangana,0.312,Mtpa,1,3.0,,The Singareni Collieries Co Ltd [100.0%],GEM GCMT (Global_Coal_Mine_Tracker__August_2026.xlsx)
M2511,Kakri Coal Mine,coal_mine,surface; coalfield: unknown,Subbituminous,operating,24.1709,82.7562,exact,Uttar Pradesh,4.0,Mtpa,1,,,North Eastern Coalfields Ltd [100.0%],GEM GCMT (Global_Coal_Mine_Tracker__August_2026.xlsx)
M2699,Kalidaspur Coal Mine,coal_mine,underground; coalfield: unknown,Subbituminous,operating,23.650069,87.071513,approximate,West Bengal,0.135,Mtpa,1,10.0,,Eastern Coalfields Ltd [100.0%],GEM GCMT (Global_Coal_Mine_Tracker__August_2026.xlsx)
M0551,Kalyani Khani Coal Mine,coal_mine,surface; coalfield: Mancherial,Subbituminous,operating,19.01,79.4651,exact,Telangana,1.4,Mtpa,1,9.45,,The Singareni Collieries Co Ltd [100.0%],GEM GCMT (Global_Coal_Mine_Tracker__August_2026.xlsx)
M1697,Kanchan Coal Mine,coal_mine,surface; coalfield: Johilla,Subbituminous,operating,23.345851,80.871272,exact,Madhya Pradesh,0.75,Mtpa,1,2.03,,South Eastern Coalfields Ltd [100.0%],GEM GCMT (Global_Coal_Mine_Tracker__August_2026.xlsx)
M2852,Kankanee Coal Mine,coal_mine,surface; coalfield: Jharia,Bituminous,operating,23.795532,86.330604,approximate,Jharkhand,1.19,Mtpa,1,1.5,,Bharat Coking Coal Ltd [100.0%],GEM GCMT (Global_Coal_Mine_Tracker__August_2026.xlsx)
M2855,Kapasara Coal Mine,coal_mine,surface; coalfield: unknown,Subbituminous,operating,23.7585,86.7545,approximate,Jharkhand,,Mtpa,1,,,Eastern Coalfields Ltd [100.0%],GEM GCMT (Global_Coal_Mine_Tracker__August_2026.xlsx)
M0553,Kapurdi Coal Mine,coal_mine,surface; coalfield: Barmer,Lignite,operating,25.9423,71.344253,exact,Rajasthan,4.9,Mtpa,1,,,Barmer Lignite Mining Company Ltd [100.0%],GEM GCMT (Global_Coal_Mine_Tracker__August_2026.xlsx)
M2551,Kargali Open Cast Coal Mine,coal_mine,surface; coalfield: unknown,Subbituminous,mothballed,23.7699,85.9904,exact,Jharkhand,0.1,Mtpa,1,,,Central Coalfields Ltd [100.0%],GEM GCMT (Global_Coal_Mine_Tracker__August_2026.xlsx)
M1698,Karkati Coal Mine,coal_mine,underground; coalfield: Sohagpur,Subbituminous,mothballed,23.154677,81.482805,exact,Madhya Pradesh,0.6,Mtpa,1,11.2,,South Eastern Coalfields Ltd [100.0%],GEM GCMT (Global_Coal_Mine_Tracker__August_2026.xlsx)
M2874,Karma Coal Mine,coal_mine,surface; coalfield: unknown,Subbituminous,operating,23.6505,85.5659,exact,Jharkhand,0.9,Mtpa,1,,,Central Coalfields Ltd [100.0%],GEM GCMT (Global_Coal_Mine_Tracker__August_2026.xlsx)
M0555,Karo Coal Mine,coal_mine,surface; coalfield: East Bokaro,Bituminous,operating,23.791654,85.973236,exact,Jharkhand,2.7,Mtpa,1,5.4,,Central Coalfields Ltd [100.0%],GEM GCMT (Global_Coal_Mine_Tracker__August_2026.xlsx)
M1699,Kasipet-1 UG Coal Mine,coal_mine,underground; coalfield: Godavari,Subbituminous,operating,19.03497042,79.4300982070701,exact,Telangana,0.54,Mtpa,1,3.15,,The Singareni Collieries Co Ltd [100.0%],GEM GCMT (Global_Coal_Mine_Tracker__August_2026.xlsx)
M7025,Kasipet-2 Incline Mine,coal_mine,underground; coalfield: Godavari,Subbituminous,operating,19.03497042,79.4300982070701,exact,Telangana,0.47,Mtpa,1,2.06,,The Singareni Collieries Co Ltd [100.0%],GEM GCMT (Global_Coal_Mine_Tracker__August_2026.xlsx)
M2727,Kathara Coal Mine,coal_mine,surface; coalfield: unknown,Subbituminous,operating,23.775944,85.911907,approximate,Jharkhand,1.5,Mtpa,1,7.73,,Central Coalfields Ltd [100.0%],GEM GCMT (Global_Coal_Mine_Tracker__August_2026.xlsx)
M1700,Kathautia Coal Mine,coal_mine,surface; coalfield: Daltonganj,Bituminous,mothballed,24.132523,84.08231,exact,Jharkhand,0.6,Mtpa,1,4.5,,Hindalco Industries Ltd [100.0%],GEM GCMT (Global_Coal_Mine_Tracker__August_2026.xlsx)
M1701,Katkona Coal Mine,coal_mine,underground; coalfield: Jhilimili,Subbituminous,operating,23.359829,82.680745,exact,Chhattisgarh,1.4,Mtpa,1,10.65,,South Eastern Coalfields Ltd [100.0%],GEM GCMT (Global_Coal_Mine_Tracker__August_2026.xlsx)
M1545,Kedla Coal Mine,coal_mine,surface; coalfield: West Bokaro,Lignite,mothballed,23.775944,85.911907,exact,Jharkhand,0.6,Mtpa,1,,,Central Coalfields Ltd [100.0%],GEM GCMT (Global_Coal_Mine_Tracker__August_2026.xlsx)
M3877,Kerendari Coal Mine,coal_mine,surface; coalfield: North Karanpura,Subbituminous,operating,23.9125,85.0875,approximate,Jharkhand,6.0,Mtpa,1,11.73,,NTPC Ltd [100.0%],GEM GCMT (Global_Coal_Mine_Tracker__August_2026.xlsx)
M1702,Ketki Coal Mine,coal_mine,underground; coalfield: Lakhanpur,Subbituminous,operating,23.114627,82.886721,exact,Chhattisgarh,0.42,Mtpa,1,5.48,,South Eastern Coalfields Ltd [100.0%],GEM GCMT (Global_Coal_Mine_Tracker__August_2026.xlsx)
M0556,Khadia Coal Mine,coal_mine,surface; coalfield: Singrauli,Subbituminous,operating,24.1318,82.7144,exact,Uttar Pradesh,10.0,Mtpa,1,16.4,,Northern Coalfields Ltd [100.0%],GEM GCMT (Global_Coal_Mine_Tracker__August_2026.xlsx)
M2650,Khadsaliya Lignite Mine,coal_mine,surface; coalfield: unknown,Lignite,operating,21.6259,72.2397,exact,Gujarat,0.4,Mtpa,1,,,GHCL Ltd [100.0%],GEM GCMT (Global_Coal_Mine_Tracker__August_2026.xlsx)
M3880,Khagra Joydev Coal Mine,coal_mine,underground & surface; coalfield: Raniganj,Subbituminous,mothballed,23.659722,87.366111,approximate,West Bengal,2.5,Mtpa,1,,,Orissa Metallurgical Industry Pvt Ltd [100.0%],GEM GCMT (Global_Coal_Mine_Tracker__August_2026.xlsx)
M0557,Khairagura Coal Mine,coal_mine,surface; coalfield: Godavari,Subbituminous,operating,19.2555556,79.26666667,exact,Telangana,3.0,Mtpa,1,12.1,,The Singareni Collieries Co Ltd [100.0%],GEM GCMT (Global_Coal_Mine_Tracker__August_2026.xlsx)
M1703,Khairaha Coal Mine,coal_mine,underground; coalfield: Sohagpur,Subbituminous,operating,23.160448,81.461364,exact,Madhya Pradesh,0.6,Mtpa,1,4.7,,South Eastern Coalfields Ltd [100.0%],GEM GCMT (Global_Coal_Mine_Tracker__August_2026.xlsx)
M2671,Khandra Coal Mine,coal_mine,underground; coalfield: unknown,Subbituminous,operating,23.641359,87.222658,exact,West Bengal,0.1,Mtpa,1,3.88,,Eastern Coalfields Ltd [100.0%],GEM GCMT (Global_Coal_Mine_Tracker__August_2026.xlsx)
M2618,Kharkharee Colliery,coal_mine,underground; coalfield: Jharia,Bituminous,operating,23.777233,86.239083,exact,Jharkhand,0.12,Mtpa,1,5.84,,Bharat Coking Coal Ltd [100.0%],GEM GCMT (Global_Coal_Mine_Tracker__August_2026.xlsx)
M2766,Khas Kajora Coal Mine,coal_mine,underground; coalfield: Raniganj,Subbituminous,operating,23.627811,87.19499,exact,West Bengal,0.3,Mtpa,1,1.88,,Eastern Coalfields Ltd [100.0%],GEM GCMT (Global_Coal_Mine_Tracker__August_2026.xlsx)
M2634,Khoodia Coal Mine,coal_mine,underground & surface; coalfield: unknown,Subbituminous,operating,23.773738,86.729687,exact,Jharkhand,0.035,Mtpa,1,1.86,,Eastern Coalfields Ltd [100.0%],GEM GCMT (Global_Coal_Mine_Tracker__August_2026.xlsx)
M2500,Khottadih UG & OC Mine,coal_mine,underground & surface; coalfield: unknown,Subbituminous,operating,23.7244,87.233,approximate,West Bengal,2.0,Mtpa,1,7.7,,Eastern Coalfields Ltd [100.0%],GEM GCMT (Global_Coal_Mine_Tracker__August_2026.xlsx)
M3015,Kistaram Coal Mine,coal_mine,surface; coalfield: Godavari Valley,Subbituminous,operating,17.207584,80.801854,exact,Telangana,1.8,Mtpa,1,4.35,,The Singareni Collieries Co Ltd [100.0%],GEM GCMT (Global_Coal_Mine_Tracker__August_2026.xlsx)
M2743,KK 5 Inc Coal Mine,coal_mine,underground; coalfield: unknown,Subbituminous,operating,18.8278,79.4833,exact,Telangana,1.75,Mtpa,1,7.55,,The Singareni Collieries Co Ltd [100.0%],GEM GCMT (Global_Coal_Mine_Tracker__August_2026.xlsx)
M2912,Kolarpimpri Coal Mine,coal_mine,surface; coalfield: unknown,Subbituminous,operating,20.0833,79.0333,exact,Maharashtra,1.2,Mtpa,1,14.88,,Western Coalfields Ltd [100.0%],GEM GCMT (Global_Coal_Mine_Tracker__August_2026.xlsx)
M2589,Kolgaon Coal Mine,coal_mine,surface; coalfield: unknown,Subbituminous,mothballed,19.1001,79.8568,exact,Maharashtra,0.6,Mtpa,1,,,Western Coalfields Ltd [100.0%],GEM GCMT (Global_Coal_Mine_Tracker__August_2026.xlsx)
M0560,Konar Coal Mine,coal_mine,surface; coalfield: East Bokaro,Bituminous,operating,24.155314,86.303182,exact,Jharkhand,5.0,Mtpa,1,4.71,,Central Coalfields Ltd [100.0%],GEM GCMT (Global_Coal_Mine_Tracker__August_2026.xlsx)
M1704,Kondapuram Coal Mine,coal_mine,underground; coalfield: Godavari,Subbituminous,operating,17.9377778,79.3480555555555,exact,Telangana,0.7,Mtpa,1,4.77,,The Singareni Collieries Co Ltd [100.0%],GEM GCMT (Global_Coal_Mine_Tracker__August_2026.xlsx)
M2989,Kotre Basantpur Pachmo Coal Mine,coal_mine,surface; coalfield: unknown,Bituminous,operating,23.83103,85.589764,approximate,Jharkhand,4.0,Mtpa,1,6.5,,Central Coalfields Ltd [100.0%],GEM GCMT (Global_Coal_Mine_Tracker__August_2026.xlsx)
M4446,Koyagudem II Coal Mine,coal_mine,surface; coalfield: unknown,Subbituminous,operating,17.62564676,80.4867313200491,exact,Telangana,4.8,Mtpa,1,8.16,,The Singareni Collieries Co Ltd [100.0%],GEM GCMT (Global_Coal_Mine_Tracker__August_2026.xlsx)
M0562,Krishnashila Coal Mine,coal_mine,surface; coalfield: Singrauli,Lignite,operating,24.12435195,82.74250031,exact,Uttar Pradesh,7.5,Mtpa,1,8.51,,Northern Coalfields Ltd [100.0%],GEM GCMT (Global_Coal_Mine_Tracker__August_2026.xlsx)
M2821,KTK 8&8A Coal Mine,coal_mine,underground; coalfield: unknown,Subbituminous,mothballed,18.4639,79.8611,approximate,Telangana,,Mtpa,1,,,The Singareni Collieries Co Ltd [100.0%],GEM GCMT (Global_Coal_Mine_Tracker__August_2026.xlsx)
M7202,Kujama Coal Mine,coal_mine,surface; coalfield: unknown,Bituminous,operating,23.7315727,86.4244223,exact,Jharkhand,0.78,Mtpa,1,1.91,,Bharat Coking Coal Ltd [100.0%],GEM GCMT (Global_Coal_Mine_Tracker__August_2026.xlsx)
M0563,Kulda Coal Mine,coal_mine,surface; coalfield: Ib Valley,Lignite,operating,22.033526,83.734846,exact,Odisha,16.8,Mtpa,1,6.0,,Mahanadi Coalfields Ltd [100.0%],GEM GCMT (Global_Coal_Mine_Tracker__August_2026.xlsx)
M2623,Kumardhubi Coal Mine,coal_mine,underground; coalfield: unknown,Subbituminous,operating,23.7761,86.7274,approximate,Jharkhand,0.1,Mtpa,1,6.67,,Eastern Coalfields Ltd [100.0%],GEM GCMT (Global_Coal_Mine_Tracker__August_2026.xlsx)
M2698,Kumardihi A Coal Mine,coal_mine,underground; coalfield: unknown,Subbituminous,operating,23.682205,87.276089,exact,West Bengal,0.2,Mtpa,1,4.57,,Eastern Coalfields Ltd [100.0%],GEM GCMT (Global_Coal_Mine_Tracker__August_2026.xlsx)
M2687,Kumda 7&8 Coal Mine,coal_mine,underground; coalfield: unknown,Subbituminous,operating,23.2074,83.0056,approximate,Chhattisgarh,0.6,Mtpa,1,5.0,,South Eastern Coalfields Ltd [100.0%],GEM GCMT (Global_Coal_Mine_Tracker__August_2026.xlsx)
M2719,Kunustoria Coal Mine,coal_mine,underground; coalfield: Raniganj,Subbituminous,operating,23.649796,87.13004,exact,West Bengal,0.6,Mtpa,1,5.1,,Eastern Coalfields Ltd [100.0%],GEM GCMT (Global_Coal_Mine_Tracker__August_2026.xlsx)
M1705,Kurasia Coal Mine,coal_mine,underground; coalfield: Chirimiri,Subbituminous,operating,23.178488,82.368221,exact,Chhattisgarh,0.5,Mtpa,1,4.36,,South Eastern Coalfields Ltd [100.0%],GEM GCMT (Global_Coal_Mine_Tracker__August_2026.xlsx)
M0564,Kusmunda Coal Mine,coal_mine,surface; coalfield: Korba,Lignite,operating,22.332635,82.666666,exact,Chhattisgarh,75.0,Mtpa,1,35.1,,South Eastern Coalfields Ltd [100.0%],GEM GCMT (Global_Coal_Mine_Tracker__August_2026.xlsx)
M0559,Kuya Coal Mine,coal_mine,underground & surface; coalfield: Dhanbad,Subbituminous,operating,23.7363,86.4498,exact,Jharkhand,2.8,Mtpa,1,3.24,,Bharat Coking Coal Ltd [100.0%],GEM GCMT (Global_Coal_Mine_Tracker__August_2026.xlsx)
M0565,Lajkura Coal Mine,coal_mine,surface; coalfield: Ib Valley,Subbituminous,operating,21.814345,83.901262,exact,Odisha,3.0,Mtpa,1,7.21,,Mahanadi Coalfields Ltd [100.0%],GEM GCMT (Global_Coal_Mine_Tracker__August_2026.xlsx)
M0567,Lingaraj Coal Mine,coal_mine,surface; coalfield: Talcher,Lignite,operating,20.960432,85.200747,exact,Odisha,20.0,Mtpa,1,14.1,,Mahanadi Coalfields Ltd [100.0%],GEM GCMT (Global_Coal_Mine_Tracker__August_2026.xlsx)
M2670,Lower Kenda Coal Mine,coal_mine,underground; coalfield: unknown,Subbituminous,operating,23.650379,87.183894,exact,West Bengal,0.15,Mtpa,1,,,Eastern Coalfields Ltd [100.0%],GEM GCMT (Global_Coal_Mine_Tracker__August_2026.xlsx)
M2851,Madhabpur Coal Mine,coal_mine,underground & surface; coalfield: Raniganj,Subbituminous,operating,23.625728,87.176051,exact,West Bengal,2.12,Mtpa,1,6.78,,Eastern Coalfields Ltd [100.0%],GEM GCMT (Global_Coal_Mine_Tracker__August_2026.xlsx)
M2850,Madhaipur Coal Mine,coal_mine,underground & surface; coalfield: unknown,Subbituminous,operating,23.706827,87.35001,exact,West Bengal,0.65,Mtpa,1,6.22,,Eastern Coalfields Ltd [100.0%],GEM GCMT (Global_Coal_Mine_Tracker__August_2026.xlsx)
M0569,Magadh Coal Mine,coal_mine,surface; coalfield: North Karanpura,Lignite,operating,23.889479,85.00171,exact,Jharkhand,20.0,Mtpa,1,17.69,,Central Coalfields Ltd [100.0%],GEM GCMT (Global_Coal_Mine_Tracker__August_2026.xlsx)
M7203,Mahabir Narainkuri UG & OC Mine,coal_mine,underground & surface; coalfield: Ranjganj,Subbituminous,operating,23.6225279,87.1085407,approximate,West Bengal,2.88,Mtpa,1,10.34,,Eastern Coalfields Ltd [100.0%],GEM GCMT (Global_Coal_Mine_Tracker__August_2026.xlsx)
M2709,Mahadevpuri Coal Mine,coal_mine,underground; coalfield: unknown,Subbituminous,operating,22.1806,78.7698,exact,Madhya Pradesh,0.25,Mtpa,1,1.73,,Western Coalfields Ltd [100.0%],GEM GCMT (Global_Coal_Mine_Tracker__August_2026.xlsx)
M2616,Maheshpur Coal Mine,coal_mine,underground; coalfield: Jharia,Bituminous,operating,23.786246,86.25564,exact,Jharkhand,0.091,Mtpa,1,,,Bharat Coking Coal Ltd [100.0%],GEM GCMT (Global_Coal_Mine_Tracker__August_2026.xlsx)
M1708,Makardhokra I Coal Mine,coal_mine,surface; coalfield: Umrer Nand Bander,Subbituminous,operating,20.865366,79.285604,exact,Maharashtra,3.0,Mtpa,1,6.14,,Western Coalfields Ltd [100.0%],GEM GCMT (Global_Coal_Mine_Tracker__August_2026.xlsx)
M0573,Mangrol Valia Coal Mine,coal_mine,surface; coalfield: Surat,Lignite,operating,21.4167,73.1,exact,Gujarat,3.0,Mtpa,1,20.6,,Gujarat Industries Power Company [100.0%],GEM GCMT (Global_Coal_Mine_Tracker__August_2026.xlsx)
M0574,Manikpur Coal Mine,coal_mine,surface; coalfield: Korba,Subbituminous,operating,22.32047888,82.71690602,exact,Chhattisgarh,4.0,Mtpa,1,10.19,,South Eastern Coalfields Ltd [100.0%],GEM GCMT (Global_Coal_Mine_Tracker__August_2026.xlsx)
M2692,Manoerboni & South Samlaamalgateo Coal Mine,coal_mine,underground; coalfield: unknown,Subbituminous,operating,23.7112,87.314,approximate,West Bengal,0.28,Mtpa,1,10.25,,Eastern Coalfields Ltd [100.0%],GEM GCMT (Global_Coal_Mine_Tracker__August_2026.xlsx)
M3888,Manoharpur Coal Mine,coal_mine,surface; coalfield: Ib Valley,Subbituminous,operating,21.931111,83.744722,exact,Odisha,16.0,Mtpa,1,18.48,,Odisha Power Generation Corp [100.0%],GEM GCMT (Global_Coal_Mine_Tracker__August_2026.xlsx)
M4449,Manuguru Opencast Coal Mine,coal_mine,surface; coalfield: unknown,Subbituminous,operating,17.976,80.8346,exact,Telangana,3.15,Mtpa,1,6.68,,The Singareni Collieries Co Ltd [100.0%],GEM GCMT (Global_Coal_Mine_Tracker__August_2026.xlsx)
M2635,Maohusudanpur 7 Pit & Incline Coal Mine,coal_mine,underground; coalfield: unknown,Subbituminous,operating,23.6338,87.2037,approximate,West Bengal,0.07,Mtpa,1,3.38,,Eastern Coalfields Ltd [100.0%],GEM GCMT (Global_Coal_Mine_Tracker__August_2026.xlsx)
M2831,Marki Mangli I Coal Mine,coal_mine,surface; coalfield: unknown,Subbituminous,mothballed,19.83938305,78.8044863231452,exact,Maharashtra,0.3,Mtpa,1,1.87,,B.S. Ispat Ltd [50%]; Topworth Urja and Metals Ltd [50%],GEM GCMT (Global_Coal_Mine_Tracker__August_2026.xlsx)
M4452,Marki Mangli III Coal Mine,coal_mine,surface; coalfield: Wardha Valley,Subbituminous,operating,19.83938305,78.8044863231452,exact,Maharashtra,0.21,Mtpa,1,2.75,,B.S. Ispat Ltd [100.0%],GEM GCMT (Global_Coal_Mine_Tracker__August_2026.xlsx)
M2515,Mata No Madh Lignite Coal Mine,coal_mine,surface; coalfield: unknown,Lignite,operating,23.510726,68.958531,exact,Gujarat,,Mtpa,1,17.53,,Gujarat Mineral Development Corporation Ltd [100.0%],GEM GCMT (Global_Coal_Mine_Tracker__August_2026.xlsx)
M2826,Matasukh & Kasnau Coal Mine,coal_mine,surface; coalfield: unknown,Lignite,mothballed,27.03,74.024,exact,Rajasthan,0.9,Mtpa,1,10.63,,Rajasthan State Mines and Minerals limited (RSMML) [100.0%],GEM GCMT (Global_Coal_Mine_Tracker__August_2026.xlsx)
M1711,Meera Coal Mine,coal_mine,underground; coalfield: Sohagpur,Subbituminous,operating,23.186224,81.986798,exact,Madhya Pradesh,0.6,Mtpa,1,3.08,,South Eastern Coalfields Ltd [100.0%],GEM GCMT (Global_Coal_Mine_Tracker__August_2026.xlsx)
M2636,Methani Coal Mine,coal_mine,underground; coalfield: unknown,Subbituminous,operating,23.6946,86.8902,exact,West Bengal,0.2,Mtpa,1,3.48,,Eastern Coalfields Ltd [100.0%],GEM GCMT (Global_Coal_Mine_Tracker__August_2026.xlsx)
M2868,Mohan Coal Mine,coal_mine,underground & surface; coalfield: Pench Kanhan,Subbituminous,mothballed,22.1793327,78.67759236,exact,Madhya Pradesh,0.9,Mtpa,1,8.0,,Western Coalfields Ltd [100.0%],GEM GCMT (Global_Coal_Mine_Tracker__August_2026.xlsx)
M0579,Mohanpur Coal Mine,coal_mine,surface; coalfield: Raniganj,Subbituminous,operating,23.786678,86.950299,exact,West Bengal,2.5,Mtpa,1,4.15,,Eastern Coalfields Ltd [100.0%],GEM GCMT (Global_Coal_Mine_Tracker__August_2026.xlsx)
M0580,Moher Amlohri Coal Mine,coal_mine,surface; coalfield: Singrauli,Subbituminous,operating,24.135,82.599444,exact,Madhya Pradesh,20.0,Mtpa,1,20.37,,Sasan Power Ltd [100.0%],GEM GCMT (Global_Coal_Mine_Tracker__August_2026.xlsx)
M2598,Mudidih Coal Mine,coal_mine,surface; coalfield: unknown,Subbituminous,operating,23.74128,86.35299,exact,Jharkhand,2.019,Mtpa,1,1.71,,Bharat Coking Coal Ltd [100.0%],GEM GCMT (Global_Coal_Mine_Tracker__August_2026.xlsx)
M0581,Mungoli Nirguda Coal Mine,coal_mine,surface; coalfield: Wardha Valley,Lignite,operating,19.894046,79.115559,exact,Maharashtra,5.25,Mtpa,1,12.67,,Western Coalfields Ltd [100.0%],GEM GCMT (Global_Coal_Mine_Tracker__August_2026.xlsx)
M0607,Muraidi Phularitand Coal Mine,coal_mine,surface; coalfield: Jharia,Subbituminous,operating,23.781738,86.227241,exact,Jharkhand,,Mtpa,1,,,Bharat Coking Coal Ltd [100.0%],GEM GCMT (Global_Coal_Mine_Tracker__August_2026.xlsx)
M0583,N.T.S.T. Jeenagora Coal Mine,coal_mine,surface; coalfield: Dhanbad,Subbituminous,operating,23.7028,86.4403,approximate,Jharkhand,7.8,Mtpa,1,7.55,,Bharat Coking Coal Ltd [100.0%],GEM GCMT (Global_Coal_Mine_Tracker__August_2026.xlsx)
M4454,Naba Jambad Project,coal_mine,underground & surface; coalfield: unknown,Subbituminous,operating,23.643161,87.182493,approximate,West Bengal,1.07,Mtpa,1,6.64,,Eastern Coalfields Ltd [100.0%],GEM GCMT (Global_Coal_Mine_Tracker__August_2026.xlsx)
M2842,Naheriya Coal Mine,coal_mine,underground; coalfield: Pencha Kanhan,Subbituminous,operating,22.28121111,78.9892462290484,exact,Madhya Pradesh,0.54,Mtpa,1,3.0,,Western Coalfields Ltd [100.0%],GEM GCMT (Global_Coal_Mine_Tracker__August_2026.xlsx)
M3893,Naini Coal Mine,coal_mine,surface; coalfield: Talcher,Subbituminous,operating,21.055833,84.882222,approximate,Odisha,10.0,Mtpa,1,9.12,,The Singareni Collieries Co Ltd [100.0%],GEM GCMT (Global_Coal_Mine_Tracker__August_2026.xlsx)
M2771,Nakrakonda Coal Mine,coal_mine,underground & surface; coalfield: unknown,Subbituminous,operating,23.679182,87.287229,approximate,West Bengal,4.12,Mtpa,1,6.42,,Eastern Coalfields Ltd [100.0%],GEM GCMT (Global_Coal_Mine_Tracker__August_2026.xlsx)
M3894,Namchik Namphuk Coal Mine,coal_mine,surface; coalfield: unknown,Lignite,operating,27.438757,95.996238,exact,Assam,0.2,Mtpa,1,,,Coal Pulz Pvt Ltd [100.0%],GEM GCMT (Global_Coal_Mine_Tracker__August_2026.xlsx)
M2580,Nandan II Coal Mine,coal_mine,underground; coalfield: unknown,Subbituminous,mothballed,22.2131,78.4357,exact,Madhya Pradesh,0.405,Mtpa,1,5.44,,Western Coalfields Ltd [100.0%],GEM GCMT (Global_Coal_Mine_Tracker__August_2026.xlsx)
M2690,Nandgaon Incline Coal Mine,coal_mine,underground; coalfield: unknown,Subbituminous,mothballed,19.906,79.3111,exact,Maharashtra,0.2,Mtpa,1,,,Western Coalfields Ltd [100.0%],GEM GCMT (Global_Coal_Mine_Tracker__August_2026.xlsx)
M2695,Nandira Coal Mine,coal_mine,underground; coalfield: Mahanadi,Subbituminous,operating,20.92738,85.124509,exact,Odisha,0.33,Mtpa,1,3.7,,Mahanadi Coalfields Ltd [100.0%],GEM GCMT (Global_Coal_Mine_Tracker__August_2026.xlsx)
M2656,Narsamunda Coal Mine,coal_mine,underground; coalfield: Sodepur,Subbituminous,operating,23.6901,86.9149,exact,West Bengal,0.19,Mtpa,1,2.65,,Eastern Coalfields Ltd [100.0%],GEM GCMT (Global_Coal_Mine_Tracker__August_2026.xlsx)
M1714,Nawapara Coal Mine,coal_mine,underground; coalfield: Bisrampur,Subbituminous,operating,23.3666667,83.0980555555555,exact,Chhattisgarh,0.36,Mtpa,1,4.51,,South Eastern Coalfields Ltd [100.0%],GEM GCMT (Global_Coal_Mine_Tracker__August_2026.xlsx)
M1715,Nawrozabad Coal Mine,coal_mine,underground; coalfield: Johilla,Subbituminous,operating,23.356253,80.973834,exact,Madhya Pradesh,0.45,Mtpa,1,12.72,,South Eastern Coalfields Ltd [100.0%],GEM GCMT (Global_Coal_Mine_Tracker__August_2026.xlsx)
M1716,NCPH Coal Mine,coal_mine,underground; coalfield: Chirimiri,Subbituminous,operating,23.194568,82.348931,exact,Chhattisgarh,0.9,Mtpa,1,13.59,,South Eastern Coalfields Ltd [100.0%],GEM GCMT (Global_Coal_Mine_Tracker__August_2026.xlsx)
M2965,New Godhur Kusunda Alkusa Colliery,coal_mine,underground & surface; coalfield: Jharia,Bituminous,mothballed,23.78288472,86.3956723320408,exact,Jharkhand,,Mtpa,1,4.68,,Bharat Coking Coal Ltd [100.0%],GEM GCMT (Global_Coal_Mine_Tracker__August_2026.xlsx)
M2749,New Kenda Coal Mine,coal_mine,underground & surface; coalfield: unknown,Subbituminous,operating,23.6657,87.1624,exact,West Bengal,1.25,Mtpa,1,,,Eastern Coalfields Ltd [100.0%],GEM GCMT (Global_Coal_Mine_Tracker__August_2026.xlsx)
M0585,New Majri Coal Mine,coal_mine,surface; coalfield: Wardha Valley,Subbituminous,operating,20.13479,79.021365,exact,Maharashtra,3.0,Mtpa,1,4.79,,Western Coalfields Ltd [100.0%],GEM GCMT (Global_Coal_Mine_Tracker__August_2026.xlsx)
M1717,New Majri II A Coal Mine,coal_mine,surface; coalfield: Wardha Valley,Subbituminous,operating,20.119062,79.032223,exact,Maharashtra,2.0,Mtpa,1,7.74,,Western Coalfields Ltd [100.0%],GEM GCMT (Global_Coal_Mine_Tracker__August_2026.xlsx)
M2856,New Sethia Coal Mine,coal_mine,surface; coalfield: unknown,Subbituminous,mothballed,22.21443936,78.8437006400052,exact,Madhya Pradesh,0.5,Mtpa,1,1.45,,Western Coalfields Ltd [100.0%],GEM GCMT (Global_Coal_Mine_Tracker__August_2026.xlsx)
M0587,Neyveli I A Coal Mine,coal_mine,surface; coalfield: Cuddalore,Lignite,operating,11.57352,79.51781,exact,Tamil Nadu,4.9,Mtpa,1,,,NLC India Ltd [100.0%],GEM GCMT (Global_Coal_Mine_Tracker__August_2026.xlsx)
M0588,Neyveli I Coal Mine,coal_mine,surface; coalfield: Neyveli (East and South areas),Lignite,operating,11.571182,79.503738,exact,Tamil Nadu,10.5,Mtpa,1,24.69,,NLC India Ltd [100.0%],GEM GCMT (Global_Coal_Mine_Tracker__August_2026.xlsx)
M0589,Neyveli II Coal Mine,coal_mine,surface; coalfield: Neyveli (East and South areas),Lignite,operating,11.520268,79.475537,exact,Tamil Nadu,15.0,Mtpa,1,71.94,,NLC India Ltd [100.0%],GEM GCMT (Global_Coal_Mine_Tracker__August_2026.xlsx)
M2896,Nichitpur Coal Mine,coal_mine,surface; coalfield: Jharia,Bituminous,operating,23.800305,86.356391,exact,Jharkhand,1.794,Mtpa,1,2.5,,Bharat Coking Coal Ltd [100.0%],GEM GCMT (Global_Coal_Mine_Tracker__August_2026.xlsx)
M0591,Nigahi Coal Mine,coal_mine,surface; coalfield: Singrauli,Subbituminous,operating,24.135,82.599444,exact,Madhya Pradesh,15.0,Mtpa,1,30.18,,Northern Coalfields Ltd [100.0%],GEM GCMT (Global_Coal_Mine_Tracker__August_2026.xlsx)
M0593,Niljai Coal Mine,coal_mine,surface; coalfield: Yavatmal,Subbituminous,operating,19.9957,79.0825,exact,Maharashtra,4.5,Mtpa,1,17.61,,Western Coalfields Ltd [100.0%],GEM GCMT (Global_Coal_Mine_Tracker__August_2026.xlsx)
M2844,Nimcha Coal Mine,coal_mine,underground; coalfield: unknown,Subbituminous,operating,23.650069,87.071513,approximate,West Bengal,1.43,Mtpa,1,8.9,,Eastern Coalfields Ltd [100.0%],GEM GCMT (Global_Coal_Mine_Tracker__August_2026.xlsx)
M2601,Ningah Coal Mine,coal_mine,underground; coalfield: unknown,Subbituminous,operating,23.6743,87.0333,exact,West Bengal,0.36,Mtpa,1,10.72,,Eastern Coalfields Ltd [100.0%],GEM GCMT (Global_Coal_Mine_Tracker__August_2026.xlsx)
M7205,Ningah OC Coal Mine,coal_mine,surface; coalfield: unknown,Subbituminous,operating,23.6742772,87.0307276,approximate,West Bengal,1.04,Mtpa,1,2.79,,Eastern Coalfields Ltd [100.0%],GEM GCMT (Global_Coal_Mine_Tracker__August_2026.xlsx)
M2777,Nirsha OC Patch Coal Mine,coal_mine,surface; coalfield: unknown,Subbituminous,operating,23.784425,86.718939,exact,Jharkhand,0.4,Mtpa,1,1.47,,Eastern Coalfields Ltd [100.0%],GEM GCMT (Global_Coal_Mine_Tracker__August_2026.xlsx)
M2902,North Searsole (East) Coal Mine,coal_mine,surface; coalfield: Raniganj,Subbituminous,operating,23.66169,87.114053,exact,West Bengal,1.5,Mtpa,1,3.6,,Eastern Coalfields Ltd [100.0%],GEM GCMT (Global_Coal_Mine_Tracker__August_2026.xlsx)
M0594,"North Tisra, South Tisra Coal Mine",coal_mine,surface; coalfield: Jharia,Lignite,operating,23.729089,86.4431996,approximate,Jharkhand,5.1,Mtpa,1,8.0,,Bharat Coking Coal Ltd [100.0%],GEM GCMT (Global_Coal_Mine_Tracker__August_2026.xlsx)
M0595,North Urimari Birsa Coal Mine,coal_mine,surface; coalfield: Hazaribagh,Subbituminous,operating,23.701948,85.293923,exact,Jharkhand,4.5,Mtpa,1,2.5,,Central Coalfields Ltd [100.0%],GEM GCMT (Global_Coal_Mine_Tracker__August_2026.xlsx)
M1669,Chasnala Coal Mine,coal_mine,underground & surface; coalfield: unknown,Bituminous,operating,23.658882,86.449764,exact,Jharkhand,1.2,Mtpa,1,2.31,,Steel Authority of India Ltd [100.0%],GEM GCMT (Global_Coal_Mine_Tracker__August_2026.xlsx)
M1686,Jharia Coal Mine,coal_mine,underground; coalfield: Jamadoba,Bituminous,operating,23.708161,86.400024,exact,Jharkhand,0.6,Mtpa,1,1.68,,Tata Steel [100.0%],GEM GCMT (Global_Coal_Mine_Tracker__August_2026.xlsx)
M3010,Orient Mine 1 & 2,coal_mine,underground; coalfield: unknown,Lignite,operating,21.833822,83.919045,exact,Odisha,0.6,Mtpa,1,,,Mahanadi Coalfields Ltd [100.0%],GEM GCMT (Global_Coal_Mine_Tracker__August_2026.xlsx)
M2615,P. B. UG Coal Mine,coal_mine,underground; coalfield: Jharia,Subbituminous,operating,23.75542241,86.3636460480271,exact,Jharkhand,0.9,Mtpa,1,0.89,,Bharat Coking Coal Ltd [100.0%],GEM GCMT (Global_Coal_Mine_Tracker__August_2026.xlsx)
M0598,Pachhwara (North) Coal Mine,coal_mine,surface; coalfield: Rajmahal,Lignite,operating,24.474744,87.476437,approximate,Jharkhand,15.0,Mtpa,1,12.18,,West Bengal Power Development Corp Ltd [100.0%],GEM GCMT (Global_Coal_Mine_Tracker__August_2026.xlsx)
M4457,Pachhwara Central Coal Mine,coal_mine,surface; coalfield: unknown,Subbituminous,operating,24.53941629,87.4480818528771,exact,Jharkhand,7.0,Mtpa,1,10.19,,Punjab State Power Corporation [100.0%],GEM GCMT (Global_Coal_Mine_Tracker__August_2026.xlsx)
M0600,Padmapur Coal Mine,coal_mine,surface; coalfield: Wardha Valley,Subbituminous,mothballed,20.030397,79.314233,exact,Maharashtra,1.9,Mtpa,1,7.33,,Western Coalfields Ltd [100.0%],GEM GCMT (Global_Coal_Mine_Tracker__August_2026.xlsx)
M0601,Pakri Barwadih Coal Mine,coal_mine,surface; coalfield: unknown,Lignite,operating,23.881918,85.233799,exact,Jharkhand,18.0,Mtpa,1,46.26,,NTPC Ltd [100.0%],GEM GCMT (Global_Coal_Mine_Tracker__August_2026.xlsx)
M2731,Pali Coal Mine,coal_mine,underground; coalfield: Johila,Subbituminous,operating,23.5863,80.7501,exact,Madhya Pradesh,0.5,Mtpa,1,4.1,,South Eastern Coalfields Ltd [100.0%],GEM GCMT (Global_Coal_Mine_Tracker__August_2026.xlsx)
M4458,Pandaveswar Dalurband Coal Mine,coal_mine,underground & surface; coalfield: unknown,Subbituminous,operating,23.697576,87.253978,approximate,West Bengal,2.25,Mtpa,1,13.85,,Eastern Coalfields Ltd [100.0%],GEM GCMT (Global_Coal_Mine_Tracker__August_2026.xlsx)
M1718,Pandavpara Coal Mine,coal_mine,underground; coalfield: Jhilimli,Subbituminous,operating,23.350314,82.728807,exact,Chhattisgarh,0.5,Mtpa,1,9.73,,South Eastern Coalfields Ltd [100.0%],GEM GCMT (Global_Coal_Mine_Tracker__August_2026.xlsx)
M2918,Paoni Coal Mine,coal_mine,surface; coalfield: Wardha Valley,Subbituminous,mothballed,19.81759499,79.2693280359609,exact,Maharashtra,2.7,Mtpa,1,16.18,,Western Coalfields Ltd [100.0%],GEM GCMT (Global_Coal_Mine_Tracker__August_2026.xlsx)
M2512,Paoni-Il Coal Mine,coal_mine,surface; coalfield: Wardha Valley,Subbituminous,operating,19.82705027,79.25526677,exact,Maharashtra,3.25,Mtpa,1,11.0,,Western Coalfields Ltd [100.0%],GEM GCMT (Global_Coal_Mine_Tracker__August_2026.xlsx)
M2764,Parascole East & West Coal Mine,coal_mine,underground & surface; coalfield: Raniganj,Subbituminous,operating,23.645281,87.186307,exact,West Bengal,0.54,Mtpa,1,3.48,,Eastern Coalfields Ltd [100.0%],GEM GCMT (Global_Coal_Mine_Tracker__August_2026.xlsx)
M4459,Parasea Belbaid Coal Mine,coal_mine,underground & surface; coalfield: Raniganj,Subbituminous,operating,23.6040321,87.1144061,approximate,West Bengal,2.07,Mtpa,1,7.84,,Eastern Coalfields Ltd [100.0%],GEM GCMT (Global_Coal_Mine_Tracker__August_2026.xlsx)
M2658,Parbelia Coal Mine,coal_mine,underground; coalfield: unknown,Subbituminous,operating,23.677978,86.826699,exact,West Bengal,0.19,Mtpa,1,27.3,,Eastern Coalfields Ltd [100.0%],GEM GCMT (Global_Coal_Mine_Tracker__August_2026.xlsx)
M2888,Parej East Coal Mine,coal_mine,surface; coalfield: unknown,Subbituminous,operating,23.798166,85.586162,approximate,Jharkhand,1.4,Mtpa,1,3.7,,Central Coalfields Ltd [100.0%],GEM GCMT (Global_Coal_Mine_Tracker__August_2026.xlsx)
M0604,Parsa East And Kanta Basan Coal Mine,coal_mine,surface; coalfield: Korba,Lignite,operating,22.83795,82.81401,exact,Chhattisgarh,,Mtpa,1,23.88,,Rajasthan Rajya Vidyut Utpadan Nigam Ltd [100.0%],GEM GCMT (Global_Coal_Mine_Tracker__August_2026.xlsx)
M2667,Patansaongi Coal Mine,coal_mine,underground; coalfield: Kamptee,Subbituminous,operating,21.32306943,79.0449875729272,exact,Maharashtra,0.3,Mtpa,1,4.1,,Western Coalfields Ltd [100.0%],GEM GCMT (Global_Coal_Mine_Tracker__August_2026.xlsx)
M2626,Patmohana Coal Mine,coal_mine,underground; coalfield: unknown,Subbituminous,operating,23.6853,86.8903,exact,West Bengal,0.12,Mtpa,1,5.37,,Eastern Coalfields Ltd [100.0%],GEM GCMT (Global_Coal_Mine_Tracker__August_2026.xlsx)
M0606,Penganga Coal Mine,coal_mine,surface; coalfield: Wardha Valley,Subbituminous,operating,19.862222,79.139166,exact,Maharashtra,4.5,Mtpa,1,7.8,,Western Coalfields Ltd [100.0%],GEM GCMT (Global_Coal_Mine_Tracker__August_2026.xlsx)
M2666,Piparia Coal Mine,coal_mine,underground; coalfield: Umaria,Subbituminous,operating,23.508797,80.867107,exact,Madhya Pradesh,0.24,Mtpa,1,11.0,,South Eastern Coalfields Ltd [100.0%],GEM GCMT (Global_Coal_Mine_Tracker__August_2026.xlsx)
M4463,Prakasham Khani OC Coal Mine,coal_mine,surface; coalfield: unknown,Subbituminous,operating,17.94321332,80.7782101383763,exact,Telangana,10.45,Mtpa,1,24.0,,The Singareni Collieries Co Ltd [100.0%],GEM GCMT (Global_Coal_Mine_Tracker__August_2026.xlsx)
M2622,Pundi Coal Mine,coal_mine,surface; coalfield: unknown,Subbituminous,mothballed,23.8236,85.5218,exact,Jharkhand,0.55,Mtpa,1,,,Central Coalfields Ltd [100.0%],GEM GCMT (Global_Coal_Mine_Tracker__August_2026.xlsx)
M0611,Purnadih Coal Mine,coal_mine,surface; coalfield: Chatra,Subbituminous,operating,23.7083,84.9861,exact,Jharkhand,2.14,Mtpa,1,4.3,,Central Coalfields Ltd [100.0%],GEM GCMT (Global_Coal_Mine_Tracker__August_2026.xlsx)
M2794,PVK-5 Coal Mine,coal_mine,underground; coalfield: Godavari,Subbituminous,operating,17.51172416,80.6715195571672,exact,Telangana,0.825,Mtpa,1,9.16,,The Singareni Collieries Co Ltd [100.0%],GEM GCMT (Global_Coal_Mine_Tracker__August_2026.xlsx)
M2513,Rajapur-South Jharia Coal Mine,coal_mine,surface; coalfield: Jharia,Bituminous,operating,23.74879601,86.42139246,exact,Jharkhand,2.56,Mtpa,1,2.08,,Bharat Coking Coal Ltd [100.0%],GEM GCMT (Global_Coal_Mine_Tracker__August_2026.xlsx)
M1720,Rajgamar Coal Mine,coal_mine,underground; coalfield: Korba,Subbituminous,operating,22.390649,82.824423,exact,Chhattisgarh,0.45,Mtpa,1,34.86,,South Eastern Coalfields Ltd [100.0%],GEM GCMT (Global_Coal_Mine_Tracker__August_2026.xlsx)
M2597,Rajhara Coal Mine,coal_mine,surface; coalfield: unknown,Subbituminous,mothballed,24.1642,84.0465,exact,Jharkhand,0.3,Mtpa,1,1.49,,Central Coalfields Ltd [100.0%],GEM GCMT (Global_Coal_Mine_Tracker__August_2026.xlsx)
M2982,Rajhara North-Central-Eastern Coal Mine,coal_mine,surface; coalfield: Daltonganj,Subbituminous,operating,22.161597,84.04671,exact,Jharkhand,0.6,Mtpa,1,1.09,,Fairmine Carbons [100.0%],GEM GCMT (Global_Coal_Mine_Tracker__August_2026.xlsx)
M0617,Rajmahal Coal Mine,coal_mine,surface; coalfield: unknown,Subbituminous,operating,25.038,87.3538,exact,Jharkhand,23.8,Mtpa,1,19.78,,Eastern Coalfields Ltd [100.0%],GEM GCMT (Global_Coal_Mine_Tracker__August_2026.xlsx)
M1721,Rajnagar Coal Mine,coal_mine,underground & surface; coalfield: Sohagpur,Subbituminous,operating,23.208097,82.123782,exact,Madhya Pradesh,1.35,Mtpa,1,19.74,,South Eastern Coalfields Ltd [100.0%],GEM GCMT (Global_Coal_Mine_Tracker__August_2026.xlsx)
M2964,Rajpardi Lignite Mine,coal_mine,surface; coalfield: unknown,Lignite,operating,21.70897856,73.2299494510996,exact,Gujarat,,Mtpa,1,3.85,,Gujarat Mineral Development Corporation Ltd [100.0%],GEM GCMT (Global_Coal_Mine_Tracker__August_2026.xlsx)
M2791,Rajpura Coal Mine,coal_mine,surface; coalfield: Raniganj,Subbituminous,operating,23.75873451,86.7731740985943,exact,Jharkhand,0.15,Mtpa,1,2.92,,Eastern Coalfields Ltd [100.0%],GEM GCMT (Global_Coal_Mine_Tracker__August_2026.xlsx)
M1722,Rajrappa Coal Mine,coal_mine,surface; coalfield: Ramgarh,Subbituminous,operating,23.615,85.682,exact,Jharkhand,2.2,Mtpa,1,,,Central Coalfields Ltd [100.0%],GEM GCMT (Global_Coal_Mine_Tracker__August_2026.xlsx)
M2793,Rajur-Bhandewada Coal Mine,coal_mine,underground; coalfield: Wardha,Subbituminous,operating,20.11356,78.896,approximate,Maharashtra,0.21,Mtpa,1,12.43,,Western Coalfields Ltd [100.0%],GEM GCMT (Global_Coal_Mine_Tracker__August_2026.xlsx)
M0618,Ramagundam I Coal Mine,coal_mine,surface; coalfield: Peddapalli,Subbituminous,operating,18.666357,79.539274,exact,Telangana,4.0,Mtpa,1,9.23,,The Singareni Collieries Co Ltd [100.0%],GEM GCMT (Global_Coal_Mine_Tracker__August_2026.xlsx)
M0619,Ramagundam II Coal Mine,coal_mine,surface; coalfield: Peddapalli,Subbituminous,operating,18.6782,79.5406,approximate,Telangana,4.0,Mtpa,1,22.56,,The Singareni Collieries Co Ltd [100.0%],GEM GCMT (Global_Coal_Mine_Tracker__August_2026.xlsx)
M0620,Ramagundam III Coal Mine,coal_mine,surface; coalfield: Peddapalli,Subbituminous,operating,18.6976,79.5352,exact,Telangana,9.52,Mtpa,1,20.7,,The Singareni Collieries Co Ltd [100.0%],GEM GCMT (Global_Coal_Mine_Tracker__August_2026.xlsx)
M1723,Ramkrishnapur Coal Mine,coal_mine,surface; coalfield: Godavari,Subbituminous,operating,18.9030556,79.46583333,exact,Telangana,2.6,Mtpa,1,6.37,,The Singareni Collieries Co Ltd [100.0%],GEM GCMT (Global_Coal_Mine_Tracker__August_2026.xlsx)
M1724,Ramnagar Coal Mine,coal_mine,surface; coalfield: Raniganj,Subbituminous,operating,23.756027,86.835903,exact,West Bengal,,Mtpa,1,,,Steel Authority of India Ltd [100.0%],GEM GCMT (Global_Coal_Mine_Tracker__August_2026.xlsx)
M1725,Rani Atari Coal Mine,coal_mine,underground; coalfield: Sendurgarh,Subbituminous,operating,22.86476,82.2987,exact,Chhattisgarh,0.48,Mtpa,1,3.89,,South Eastern Coalfields Ltd [100.0%],GEM GCMT (Global_Coal_Mine_Tracker__August_2026.xlsx)
M2502,New Akashkinaree Coal Mine,coal_mine,underground & surface; coalfield: Jharia,Bituminous,operating,23.802565,86.278261,exact,Jharkhand,1.47,Mtpa,1,3.47,,Bharat Coking Coal Ltd [100.0%],GEM GCMT (Global_Coal_Mine_Tracker__August_2026.xlsx)
M2720,Ravindrakhani 1A Coal Mine,coal_mine,underground; coalfield: unknown,Subbituminous,mothballed,18.94923045,79.4808723134458,exact,Telangana,0.3,Mtpa,1,2.62,,The Singareni Collieries Co Ltd [100.0%],GEM GCMT (Global_Coal_Mine_Tracker__August_2026.xlsx)
M0621,Ravindrakhani Coal Mine,coal_mine,surface; coalfield: Mancherial,Subbituminous,mothballed,18.92721975,79.4894936,exact,Telangana,,Mtpa,1,,,The Singareni Collieries Co Ltd [100.0%],GEM GCMT (Global_Coal_Mine_Tracker__August_2026.xlsx)
M1726,Ravindrakhani-5 Coal Mine,coal_mine,underground; coalfield: Godavari,Subbituminous,operating,18.88,79.5022222222222,exact,Telangana,0.5,Mtpa,1,3.76,,The Singareni Collieries Co Ltd [100.0%],GEM GCMT (Global_Coal_Mine_Tracker__August_2026.xlsx)
M1727,Ravindrakhani-6 Coal Mine,coal_mine,underground; coalfield: Godavari,Subbituminous,operating,18.8647222,79.5113888888888,exact,Telangana,0.5,Mtpa,1,3.06,,The Singareni Collieries Co Ltd [100.0%],GEM GCMT (Global_Coal_Mine_Tracker__August_2026.xlsx)
M1728,Ravindrakhani-7 Coal Mine,coal_mine,underground; coalfield: Godavari,Subbituminous,operating,18.8716667,79.5205555555555,exact,Telangana,0.6,Mtpa,1,4.5,,The Singareni Collieries Co Ltd [100.0%],GEM GCMT (Global_Coal_Mine_Tracker__August_2026.xlsx)
M1729,Ravindrakhani-NT Coal Mine,coal_mine,underground; coalfield: Godavari,Subbituminous,operating,18.8411111,79.2166666666666,exact,Telangana,0.9,Mtpa,1,3.4,,The Singareni Collieries Co Ltd [100.0%],GEM GCMT (Global_Coal_Mine_Tracker__August_2026.xlsx)
M1730,Rehar Coal Mine,coal_mine,underground; coalfield: Lakhanpur,Subbituminous,operating,23.101101,82.927943,exact,Chhattisgarh,0.31,Mtpa,1,4.25,,South Eastern Coalfields Ltd [100.0%],GEM GCMT (Global_Coal_Mine_Tracker__August_2026.xlsx)
M0622,Religara Coal Mine,coal_mine,surface; coalfield: Hazaribagh,Subbituminous,operating,23.8617,85.5569,exact,Jharkhand,0.589,Mtpa,1,,,Central Coalfields Ltd [100.0%],GEM GCMT (Global_Coal_Mine_Tracker__August_2026.xlsx)
M0623,Rohini Coal Mine,coal_mine,surface; coalfield: North Karanpura,Subbituminous,operating,23.685074,84.989074,exact,Jharkhand,2.3,Mtpa,1,,,Central Coalfields Ltd [100.0%],GEM GCMT (Global_Coal_Mine_Tracker__August_2026.xlsx)
M0626,Samleswari Coal Mine,coal_mine,surface; coalfield: Ib Valley,Lignite,operating,21.805789,83.903847,exact,Odisha,15.0,Mtpa,1,13.35,,Mahanadi Coalfields Ltd [100.0%],GEM GCMT (Global_Coal_Mine_Tracker__August_2026.xlsx)
M1731,Saoner Coal Mine,coal_mine,underground; coalfield: Kamptee,Subbituminous,operating,21.358103,78.930266,exact,Maharashtra,0.9,Mtpa,1,28.71,,Western Coalfields Ltd [100.0%],GEM GCMT (Global_Coal_Mine_Tracker__August_2026.xlsx)
M1732,Saraipali Coal Mine,coal_mine,surface; coalfield: Korba,Subbituminous,operating,22.35732,82.296358,exact,Chhattisgarh,1.96,Mtpa,1,,,South Eastern Coalfields Ltd [100.0%],GEM GCMT (Global_Coal_Mine_Tracker__August_2026.xlsx)
M0628,Sarisatolli Coal Mine,coal_mine,surface; coalfield: Raniganj,Subbituminous,operating,23.799677,87.045467,exact,West Bengal,2.7,Mtpa,1,6.7,,RPSG Group [100.0%],GEM GCMT (Global_Coal_Mine_Tracker__August_2026.xlsx)
M2730,Sarni Coal Mine,coal_mine,underground; coalfield: Patherkhera,Subbituminous,mothballed,22.11790297,78.1517439529216,exact,Madhya Pradesh,10.0,Mtpa,1,5.1,,Western Coalfields Ltd [100.0%],GEM GCMT (Global_Coal_Mine_Tracker__August_2026.xlsx)
M2600,Sarubera Coal Mine,coal_mine,underground; coalfield: unknown,Subbituminous,mothballed,23.71,85.5518,exact,Jharkhand,,Mtpa,1,,,Central Coalfields Ltd [100.0%],GEM GCMT (Global_Coal_Mine_Tracker__August_2026.xlsx)
M0629,Sasti OC Coal Mine,coal_mine,surface; coalfield: Wardha Valley,Subbituminous,operating,19.81311025,79.3183321,exact,Maharashtra,2.5,Mtpa,1,9.19,,Western Coalfields Ltd [100.0%],GEM GCMT (Global_Coal_Mine_Tracker__August_2026.xlsx)
M2718,Sasti UG Coal Mine,coal_mine,underground; coalfield: Wardha Valley,Subbituminous,mothballed,19.81736786,79.3363935968147,exact,Maharashtra,0.36,Mtpa,1,15.54,,Western Coalfields Ltd [100.0%],GEM GCMT (Global_Coal_Mine_Tracker__August_2026.xlsx)
M2669,Satgram Coal Mine,coal_mine,underground; coalfield: unknown,Subbituminous,operating,23.6827,87.0703,exact,West Bengal,0.75,Mtpa,1,7.54,,Eastern Coalfields Ltd [100.0%],GEM GCMT (Global_Coal_Mine_Tracker__August_2026.xlsx)
M2588,Saunda-D Coal Mine,coal_mine,underground & surface; coalfield: South Karanpura,Subbituminous,mothballed,23.659463,85.337532,exact,Jharkhand,0.9,Mtpa,1,3.32,,Central Coalfields Ltd [100.0%],GEM GCMT (Global_Coal_Mine_Tracker__August_2026.xlsx)
M0630,Selected Dhori OCP Mine,coal_mine,surface; coalfield: Bokaro,Subbituminous,operating,23.775,85.5417,exact,Jharkhand,2.25,Mtpa,1,,,Central Coalfields Ltd [100.0%],GEM GCMT (Global_Coal_Mine_Tracker__August_2026.xlsx)
M0631,Sendra Bansjora Coal Mine,coal_mine,surface; coalfield: Jharia,Bituminous,operating,23.793355,86.35049,exact,Jharkhand,2.34,Mtpa,1,2.5,,Bharat Coking Coal Ltd [100.0%],GEM GCMT (Global_Coal_Mine_Tracker__August_2026.xlsx)
M2816,Shankarpur Coal Mine,coal_mine,surface; coalfield: Raniganj,Subbituminous,operating,23.66654149,87.2049161775983,exact,West Bengal,0.5,Mtpa,1,4.52,,Eastern Coalfields Ltd [100.0%],GEM GCMT (Global_Coal_Mine_Tracker__August_2026.xlsx)
M1733,Shanthikhani Coal Mine,coal_mine,underground; coalfield: Godavari,Subbituminous,operating,19.0177778,79.5108333333333,exact,Telangana,0.9,Mtpa,1,6.81,,The Singareni Collieries Co Ltd [100.0%],GEM GCMT (Global_Coal_Mine_Tracker__August_2026.xlsx)
M1734,Sharda Coal Mine,coal_mine,surface; coalfield: Sohagpur,Subbituminous,operating,23.208242,81.589781,exact,Madhya Pradesh,0.6,Mtpa,1,8.71,,South Eastern Coalfields Ltd [50.00%]; Western Coalfields Ltd [50.00%],GEM GCMT (Global_Coal_Mine_Tracker__August_2026.xlsx)
M1735,Sheetaldhara-Kurja and Kapidhara Coal Mines,coal_mine,underground; coalfield: Sohagpur,Subbituminous,operating,23.239816,82.112069,exact,Madhya Pradesh,2.16,Mtpa,1,10.64,,South Eastern Coalfields Ltd [100.0%],GEM GCMT (Global_Coal_Mine_Tracker__August_2026.xlsx)
M2833,Shiwani Coal Mine,coal_mine,underground; coalfield: unknown,Subbituminous,operating,23.3498,83.0743,exact,Chhattisgarh,0.6,Mtpa,1,5.5,,South Eastern Coalfields Ltd [100.0%],GEM GCMT (Global_Coal_Mine_Tracker__August_2026.xlsx)
M2915,Shyamsundarpur Coal Mine,coal_mine,underground; coalfield: unknown,Subbituminous,operating,23.648263,87.257514,exact,West Bengal,1.59,Mtpa,1,5.33,,Eastern Coalfields Ltd [100.0%],GEM GCMT (Global_Coal_Mine_Tracker__August_2026.xlsx)
M1737,Sial Gjogri Coal Mine,coal_mine,underground; coalfield: unknown,Bituminous,operating,22.192428,78.77264,exact,Madhya Pradesh,0.3,Mtpa,1,4.29,,Birla Corporation [100.0%],GEM GCMT (Global_Coal_Mine_Tracker__August_2026.xlsx)
M0632,Siarmal Coal Mine,coal_mine,surface; coalfield: Ib Valley,Lignite,operating,22.043469,83.733619,exact,Odisha,10.0,Mtpa,1,22.9,,Mahanadi Coalfields Ltd [100.0%],GEM GCMT (Global_Coal_Mine_Tracker__August_2026.xlsx)
M2701,Siduli Coal Mine,coal_mine,underground & surface; coalfield: unknown,Subbituminous,operating,23.649929,87.2091,exact,West Bengal,2.32,Mtpa,1,3.35,,Eastern Coalfields Ltd [100.0%],GEM GCMT (Global_Coal_Mine_Tracker__August_2026.xlsx)
M1738,Sikni Coal Mine,coal_mine,surface; coalfield: Auranga,Bituminous,operating,23.722988,84.611313,exact,Jharkhand,,Mtpa,1,,,Jharkhand State Mineral Development Corporation Limited (JSMDCL) [100.0%],GEM GCMT (Global_Coal_Mine_Tracker__August_2026.xlsx)
M2723,Silewara Colliery,coal_mine,underground; coalfield: Nagpur,Subbituminous,operating,21.2990357,79.12341847,exact,Maharashtra,0.6,Mtpa,1,4.39,,Western Coalfields Ltd [100.0%],GEM GCMT (Global_Coal_Mine_Tracker__August_2026.xlsx)
M1739,Singhali Coal Mine,coal_mine,underground; coalfield: Korba,Subbituminous,operating,22.440833,82.567983,exact,Chhattisgarh,0.42,Mtpa,1,8.62,,South Eastern Coalfields Ltd [100.0%],GEM GCMT (Global_Coal_Mine_Tracker__August_2026.xlsx)
M0633,Singhori Coal Mine,coal_mine,surface; coalfield: unknown,Subbituminous,operating,21.276666,79.1275,exact,Maharashtra,0.9,Mtpa,1,4.25,,Western Coalfields Ltd [100.0%],GEM GCMT (Global_Coal_Mine_Tracker__August_2026.xlsx)
M2543,Sirka Coal Mine,coal_mine,surface; coalfield: South Karanpura,Subbituminous,operating,23.691032,85.355135,approximate,Jharkhand,1.25,Mtpa,1,,,Central Coalfields Ltd [100.0%],GEM GCMT (Global_Coal_Mine_Tracker__August_2026.xlsx)
M2614,Sodepur Coal Mine,coal_mine,underground; coalfield: unknown,Subbituminous,mothballed,23.6882,86.8545,exact,West Bengal,10.0,Mtpa,1,7.98,,Eastern Coalfields Ltd [100.0%],GEM GCMT (Global_Coal_Mine_Tracker__August_2026.xlsx)
M2825,Sonari Coal Mine,coal_mine,surface; coalfield: unknown,Lignite,mothballed,25.96088325,71.2737839511533,exact,Rajasthan,1.0,Mtpa,1,15.12,,Rajasthan State Mines and Minerals limited (RSMML) [100.0%],GEM GCMT (Global_Coal_Mine_Tracker__August_2026.xlsx)
M0634,Sonepur Bazari Coal Mine,coal_mine,surface; coalfield: Raniganj,Lignite,operating,23.688231,87.223763,exact,West Bengal,14.0,Mtpa,1,24.05,,Eastern Coalfields Ltd [100.0%],GEM GCMT (Global_Coal_Mine_Tracker__August_2026.xlsx)
M1742,Srirampur-I Coal Mine,coal_mine,underground; coalfield: Godavari,Subbituminous,mothballed,18.85,79.4833333333333,exact,Telangana,0.6,Mtpa,1,3.06,,The Singareni Collieries Co Ltd [100.0%],GEM GCMT (Global_Coal_Mine_Tracker__August_2026.xlsx)
M1740,Srirampur-II Coal Mine,coal_mine,surface; coalfield: Godavari,Subbituminous,operating,18.8177778,79.48055556,exact,Telangana,2.7,Mtpa,1,16.04,,The Singareni Collieries Co Ltd [100.0%],GEM GCMT (Global_Coal_Mine_Tracker__August_2026.xlsx)
M1741,Srirampur-III & III A Coal Mine,coal_mine,underground; coalfield: Godavari,Subbituminous,operating,18.75,79.25,exact,Telangana,0.4,Mtpa,1,2.99,,The Singareni Collieries Co Ltd [100.0%],GEM GCMT (Global_Coal_Mine_Tracker__August_2026.xlsx)
M3907,Suliyari Coal Mine,coal_mine,surface; coalfield: Singrauli,Subbituminous,operating,23.927656,82.319079,exact,Madhya Pradesh,6.0,Mtpa,1,12.98,,AP Mineral Development Corp [100.0%],GEM GCMT (Global_Coal_Mine_Tracker__August_2026.xlsx)
M3013,Surakachhar Coal Mine,coal_mine,underground; coalfield: Korba,Subbituminous,mothballed,22.367844,82.63224,exact,Chhattisgarh,0.456,Mtpa,1,10.46,,South Eastern Coalfields Ltd [100.0%],GEM GCMT (Global_Coal_Mine_Tracker__August_2026.xlsx)
M0636,Tadicherla Coal Mine,coal_mine,surface; coalfield: Godavari,Subbituminous,operating,18.523763,79.749677,exact,Telangana,2.5,Mtpa,1,9.06,,Telangana State Power Generation Corporation Ltd [100.0%],GEM GCMT (Global_Coal_Mine_Tracker__August_2026.xlsx)
M0637,Tadkeshwar Lignite Mine,coal_mine,surface; coalfield: Surat,Lignite,operating,21.357159,73.06986,exact,Gujarat,,Mtpa,1,9.64,,Gujarat Mineral Development Co Ltd [100.0%],GEM GCMT (Global_Coal_Mine_Tracker__August_2026.xlsx)
M0638,Takli-Jena-Bellora (North & South) Coal Mines,coal_mine,underground & surface; coalfield: Wardha Valley,Lignite,operating,20.180728,79.083289,exact,Maharashtra,1.2,Mtpa,1,9.36,,Aurobindo Reality and Infrastructure [100.0%],GEM GCMT (Global_Coal_Mine_Tracker__August_2026.xlsx)
M1745,Talabira II & III Coal Mines,coal_mine,surface; coalfield: unknown,Subbituminous,operating,21.734804,83.989432,exact,Odisha,20.0,Mtpa,1,19.14,,NLC India Ltd [100.0%],GEM GCMT (Global_Coal_Mine_Tracker__August_2026.xlsx)
M0640,Talaipalli Coal Mine,coal_mine,underground & surface; coalfield: Mand-Raigarh,Subbituminous,operating,22.17758,83.355201,exact,Chhattisgarh,18.72,Mtpa,1,23.49,,NTPC Ltd [100.0%],GEM GCMT (Global_Coal_Mine_Tracker__August_2026.xlsx)
M1746,Talcher UG Coal Mine,coal_mine,underground; coalfield: Talcher,Subbituminous,operating,20.962009,85.178092,exact,Odisha,0.36,Mtpa,1,,,Mahanadi Coalfields Ltd [100.0%],GEM GCMT (Global_Coal_Mine_Tracker__August_2026.xlsx)
M2773,Tandsi Coal Mine,coal_mine,underground; coalfield: Kanhan,Bituminous,operating,22.185722,78.3225962736493,exact,Madhya Pradesh,0.6,Mtpa,1,6.118,,Western Coalfields Ltd [100.0%],GEM GCMT (Global_Coal_Mine_Tracker__August_2026.xlsx)
M2875,Tapin Coal Mine,coal_mine,surface; coalfield: unknown,Subbituminous,operating,23.798166,85.586162,approximate,Jharkhand,1.95,Mtpa,1,,,Central Coalfields Ltd [100.0%],GEM GCMT (Global_Coal_Mine_Tracker__August_2026.xlsx)
M2834,Tapin South Coal Mine,coal_mine,surface; coalfield: West Bokaro,Subbituminous,operating,23.8329,85.4729,exact,Jharkhand,1.5,Mtpa,1,1.51,,Central Coalfields Ltd [100.0%],GEM GCMT (Global_Coal_Mine_Tracker__August_2026.xlsx)
M0641,Tara (East & West) Coal Mine,coal_mine,surface; coalfield: Raniganj,Subbituminous,operating,23.45338,87.23919,approximate,West Bengal,3.0,Mtpa,1,18.0,,West Bengal Power Development Corp Ltd [100.0%],GEM GCMT (Global_Coal_Mine_Tracker__August_2026.xlsx)
M7207,Tasra Coal Mine,coal_mine,surface; coalfield: Jharia,Subbituminous,operating,23.6470343,86.4619897,approximate,Jharkhand,,Mtpa,1,,,Steel Authority of India Ltd [100.0%],GEM GCMT (Global_Coal_Mine_Tracker__August_2026.xlsx)
M1747,Tawa Coal Mine,coal_mine,underground; coalfield: Tawa,Subbituminous,operating,22.137615,78.170928,exact,Madhya Pradesh,0.6,Mtpa,1,5.2,,Western Coalfields Ltd [100.0%],GEM GCMT (Global_Coal_Mine_Tracker__August_2026.xlsx)
M0642,Tetariakhar Coal Mine,coal_mine,surface; coalfield: unknown,Subbituminous,operating,23.708769,84.98655,exact,Jharkhand,1.9,Mtpa,1,2.08,,Central Coalfields Ltd [100.0%],GEM GCMT (Global_Coal_Mine_Tracker__August_2026.xlsx)
M2904,Tetulmari Coal Mine,coal_mine,surface; coalfield: unknown,Bituminous,operating,23.80899177,86.3417206201657,exact,Jharkhand,1.033,Mtpa,1,3.17,,Bharat Coking Coal Ltd [100.0%],GEM GCMT (Global_Coal_Mine_Tracker__August_2026.xlsx)
M2665,Tikak Colliery,coal_mine,surface; coalfield: Makum,Subbituminous,operating,27.283288,95.733648,exact,Assam,,Mtpa,1,,,North Eastern Coalfields Ltd [100.0%],GEM GCMT (Global_Coal_Mine_Tracker__August_2026.xlsx)
M2746,Tilaboni Coal Mine,coal_mine,underground; coalfield: unknown,Subbituminous,operating,23.661247,87.275026,exact,West Bengal,2.14,Mtpa,1,8.27,,Eastern Coalfields Ltd [100.0%],GEM GCMT (Global_Coal_Mine_Tracker__August_2026.xlsx)
M1367,Topa Coal Mine,coal_mine,surface; coalfield: unknown,Subbituminous,operating,23.739119,85.486353,exact,Jharkhand,1.35,Mtpa,1,2.76,,Central Coalfields Ltd [100.0%],GEM GCMT (Global_Coal_Mine_Tracker__August_2026.xlsx)
M7208,Trans Damodar Coal Mine,coal_mine,surface; coalfield: Barjora,Subbituminous,operating,23.4447105,87.2888048,exact,West Bengal,1.0,Mtpa,1,4.0,,Durgapur Projects Ltd [100.0%],GEM GCMT (Global_Coal_Mine_Tracker__August_2026.xlsx)
M0644,Tubed Coal Mine,coal_mine,surface; coalfield: Auranga,Lignite,operating,23.82119,84.57721,approximate,Jharkhand,4.5,Mtpa,1,4.6,,Damodar Valley Corporation [100.0%],GEM GCMT (Global_Coal_Mine_Tracker__August_2026.xlsx)
M2835,Bhowrah (South) Coal Mine,coal_mine,underground & surface; coalfield: Jharia,Bituminous,operating,23.681905,86.400533,exact,Jharkhand,1.577,Mtpa,1,5.72,,Bharat Coking Coal Ltd [100.0%],GEM GCMT (Global_Coal_Mine_Tracker__August_2026.xlsx)
M0645,Ukni Deep Coal Mine,coal_mine,surface; coalfield: Wardha Valley,Subbituminous,operating,20.020678,79.0678333,exact,Maharashtra,2.7,Mtpa,1,12.85,,Western Coalfields Ltd [100.0%],GEM GCMT (Global_Coal_Mine_Tracker__August_2026.xlsx)
M1750,Umaria Coal Mine,coal_mine,underground; coalfield: Umaria,Subbituminous,operating,23.5,80.83,approximate,Madhya Pradesh,0.35,Mtpa,1,8.58,,South Eastern Coalfields Ltd [100.0%],GEM GCMT (Global_Coal_Mine_Tracker__August_2026.xlsx)
M2503,Umarsar Lignite Mine,coal_mine,surface; coalfield: unknown,Lignite,operating,23.73149782,68.81926985,exact,Gujarat,,Mtpa,1,21.86,,Gujarat Mineral Development Co Ltd [100.0%],GEM GCMT (Global_Coal_Mine_Tracker__August_2026.xlsx)
M0647,Umrer Coal Mine,coal_mine,surface; coalfield: Nagpur,Subbituminous,operating,20.845833,79.271666,exact,Maharashtra,3.3,Mtpa,1,9.45,,Western Coalfields Ltd [100.0%],GEM GCMT (Global_Coal_Mine_Tracker__August_2026.xlsx)
M2544,Urdhan Coal Mine,coal_mine,surface; coalfield: Pench,Subbituminous,mothballed,22.2786,78.9578,exact,Madhya Pradesh,0.6,Mtpa,1,3.15,,Western Coalfields Ltd [100.0%],GEM GCMT (Global_Coal_Mine_Tracker__August_2026.xlsx)
M2498,Urimari Open Cast Coal Mine,coal_mine,surface; coalfield: South Karanpura,Subbituminous,operating,23.698717,85.293249,exact,Jharkhand,1.9,Mtpa,1,,,Central Coalfields Ltd [100.0%],GEM GCMT (Global_Coal_Mine_Tracker__August_2026.xlsx)
M2599,Urimari Underground Coal Mine,coal_mine,underground; coalfield: South Karanpura,Subbituminous,mothballed,23.695404,85.30209,exact,Jharkhand,,Mtpa,1,,,Central Coalfields Ltd [100.0%],GEM GCMT (Global_Coal_Mine_Tracker__August_2026.xlsx)
M2979,Urtan Coal Mine,coal_mine,underground; coalfield: Sohagpur,Subbituminous,operating,23.245516,81.985844,exact,Madhya Pradesh,0.6,Mtpa,1,3.79,,JMS Mining Private [100.0%],GEM GCMT (Global_Coal_Mine_Tracker__August_2026.xlsx)
M2977,Urtan North Coal Mine,coal_mine,underground; coalfield: Sohagpur,Subbituminous,operating,23.243177,81.979346,exact,Madhya Pradesh,0.6,Mtpa,1,4.0,,JMS Mining Private [100.0%],GEM GCMT (Global_Coal_Mine_Tracker__August_2026.xlsx)
M6715,Utkal C Coal Mine,coal_mine,surface; coalfield: unknown,Subbituminous,operating,20.95664286,84.9544075201659,exact,Odisha,3.37,Mtpa,1,5.75,,Jindal Steel and Power Ltd [100.0%],GEM GCMT (Global_Coal_Mine_Tracker__August_2026.xlsx)
M6716,Utkal D and E Coal Mines,coal_mine,surface; coalfield: Talcher,Subbituminous,operating,20.883333,84.3333,approximate,Odisha,4.0,Mtpa,1,8.04,,National Aluminium Company Limited [100.0%],GEM GCMT (Global_Coal_Mine_Tracker__August_2026.xlsx)
M2881,Moonidih Coal Mine,coal_mine,underground; coalfield: Jharia,Bituminous,operating,23.740882,86.352473,exact,Jharkhand,3.0,Mtpa,1,19.83,,Bharat Coking Coal Ltd [100.0%],GEM GCMT (Global_Coal_Mine_Tracker__August_2026.xlsx)
M1751,Vakilpalli Coal Mine,coal_mine,underground; coalfield: Godavari,Subbituminous,operating,17.4869444,80.6577777777777,exact,Telangana,3.0,Mtpa,1,2.05,,The Singareni Collieries Co Ltd [100.0%],GEM GCMT (Global_Coal_Mine_Tracker__August_2026.xlsx)
M2822,Vastan Lignite Mine,coal_mine,surface; coalfield: unknown,Lignite,operating,21.43101702,73.1126177239452,exact,Gujarat,1.2,Mtpa,1,15.36,,Gujarat Industries Power Company Co Ltd [100.0%],GEM GCMT (Global_Coal_Mine_Tracker__August_2026.xlsx)
M1753,Vijay Coal Mine,coal_mine,underground; coalfield: Sendurgar,Subbituminous,operating,22.854326,82.32114,exact,Chhattisgarh,0.5,Mtpa,1,4.38,,South Eastern Coalfields Ltd [100.0%],GEM GCMT (Global_Coal_Mine_Tracker__August_2026.xlsx)
M1754,Vindhya Coal Mine,coal_mine,underground; coalfield: Johilla,Subbituminous,operating,23.335615,80.906108,exact,Madhya Pradesh,0.705,Mtpa,1,,,South Eastern Coalfields Ltd [100.0%],GEM GCMT (Global_Coal_Mine_Tracker__August_2026.xlsx)
M0649,West Bokaro Coal Mine,coal_mine,surface; coalfield: unknown,Bituminous,operating,23.7927473,85.55423096,exact,Jharkhand,10.0,Mtpa,1,17.4,,Tata Steel [100.0%],GEM GCMT (Global_Coal_Mine_Tracker__August_2026.xlsx)
M1755,West Jhagrakhand Coal Mine,coal_mine,underground; coalfield: Jhilimili,Subbituminous,operating,23.197211,82.161616,exact,Chhattisgarh,0.33,Mtpa,1,10.66,,South Eastern Coalfields Ltd [100.0%],GEM GCMT (Global_Coal_Mine_Tracker__August_2026.xlsx)
M1636,21 Incline UG Coal Mine,coal_mine,underground; coalfield: Godavari,Subbituminous,closed,17.57048,80.296581,approximate,Telangana,0.65,Mtpa,1,7.45,,The Singareni Collieries Co Ltd,GEM GCMT (Global_Coal_Mine_Tracker__August_2026.xlsx)
M5615,Adasa Underground Coal Mine,coal_mine,underground; coalfield: unknown,Subbituminous,closed,21.347003,78.953545,exact,Maharashtra,0.5,Mtpa,1,2.11,,Western Coalfields Ltd,GEM GCMT (Global_Coal_Mine_Tracker__August_2026.xlsx)
M1642,Ara Coal Mine,coal_mine,surface; coalfield: Nirsha,Subbituminous,closed,23.80089,86.696883,approximate,Jharkhand,0.6,Mtpa,1,,,Central Coalfields Ltd,GEM GCMT (Global_Coal_Mine_Tracker__August_2026.xlsx)
M2545,Barkui Coal Mine,coal_mine,surface; coalfield: unknown,Subbituminous,closed,22.1958,78.6875,exact,Madhya Pradesh,,Mtpa,1,,,Western Coalfields Ltd,GEM GCMT (Global_Coal_Mine_Tracker__August_2026.xlsx)
M2652,Belbadi Coal Mine,coal_mine,surface; coalfield: Raniganj,Subbituminous,closed,23.625769,87.17567,exact,West Bengal,,Mtpa,1,,,Eastern Coalfields Ltd,GEM GCMT (Global_Coal_Mine_Tracker__August_2026.xlsx)
M1660,Bellampalli OCP-II Coal Mine,coal_mine,surface; coalfield: Godavari,Subbituminous,closed,19.2094444,79.34805556,exact,Telangana,0.4,Mtpa,1,1.92,,The Singareni Collieries Co Ltd,GEM GCMT (Global_Coal_Mine_Tracker__August_2026.xlsx)
M0483,Belpahar Coal Mine,coal_mine,surface; coalfield: Ib Valley,Lignite,closed,21.75,83.8417,approximate,Odisha,9.0,Mtpa,1,14.44,,Mahanadi Coalfields Ltd,GEM GCMT (Global_Coal_Mine_Tracker__August_2026.xlsx)
M2872,Bhanora West OC Coal Mine,coal_mine,surface; coalfield: unknown,Subbituminous,closed,23.729521,86.993622,exact,West Bengal,,Mtpa,1,,,Eastern Coalfields Ltd,GEM GCMT (Global_Coal_Mine_Tracker__August_2026.xlsx)
M2604,Bhowrah (North) Coal Mine,coal_mine,underground & surface; coalfield: Jharia,Bituminous,closed,23.681905,86.400533,exact,Jharkhand,,Mtpa,1,2.08,,Bharat Coking Coal Ltd,GEM GCMT (Global_Coal_Mine_Tracker__August_2026.xlsx)
M1667,Bisrampur Coal Mine,coal_mine,underground & surface; coalfield: Bisrampur,Subbituminous,closed,23.20521,82.98523,exact,Chhattisgarh,,Mtpa,1,,,South Eastern Coalfields Ltd,GEM GCMT (Global_Coal_Mine_Tracker__August_2026.xlsx)
M2887,Dalurband Coal Mine,coal_mine,underground & surface; coalfield: unknown,Subbituminous,closed,23.713432,87.251973,exact,West Bengal,,Mtpa,1,,,Eastern Coalfields Ltd,GEM GCMT (Global_Coal_Mine_Tracker__August_2026.xlsx)
M2740,Damagoria Coal Mine,coal_mine,underground & surface; coalfield: Raniganj,Bituminous,closed,23.768816,86.843796,exact,Jharkhand,,Mtpa,1,,,Bharat Coking Coal Ltd,GEM GCMT (Global_Coal_Mine_Tracker__August_2026.xlsx)
M0509,Dhanpuri Coal Mine,coal_mine,surface; coalfield: Shahdol,Subbituminous,closed,23.1541,81.5843,exact,Madhya Pradesh,1.25,Mtpa,1,,,South Eastern Coalfields Ltd,GEM GCMT (Global_Coal_Mine_Tracker__August_2026.xlsx)
M5616,Dhanpuri Underground Mine,coal_mine,underground; coalfield: Sohagpur,Subbituminous,closed,23.158187,81.566508,exact,Madhya Pradesh,0.216,Mtpa,1,2.31,,South Eastern Coalfields Ltd,GEM GCMT (Global_Coal_Mine_Tracker__August_2026.xlsx)
M2546,Dhorwasa Coal Mine,coal_mine,surface; coalfield: Wardha Valley,Subbituminous,closed,20.065833,79.080833,approximate,Maharashtra,2.0,Mtpa,1,3.086,,Western Coalfields Ltd,GEM GCMT (Global_Coal_Mine_Tracker__August_2026.xlsx)
M1675,Dorli OC-I & II Coal Mines,coal_mine,surface; coalfield: Bellampalli,Subbituminous,closed,19.642819,78.372232,exact,Telangana,0.7,Mtpa,1,5.1,,The Singareni Collieries Co Ltd,GEM GCMT (Global_Coal_Mine_Tracker__August_2026.xlsx)
M2685,Egara Coal Mine,coal_mine,surface; coalfield: unknown,Subbituminous,closed,23.650069,87.071513,approximate,West Bengal,0.38,Mtpa,1,,,Eastern Coalfields Ltd,GEM GCMT (Global_Coal_Mine_Tracker__August_2026.xlsx)
M2867,Ghorawari No. 2 Coal Mine,coal_mine,surface; coalfield: unknown,Subbituminous,closed,21.9857854,79.31127565,approximate,Madhya Pradesh,1.5,Mtpa,1,,,Western Coalfields Ltd,GEM GCMT (Global_Coal_Mine_Tracker__August_2026.xlsx)
M1676,Godavarikhani - 7 Coal Mine,coal_mine,underground; coalfield: Godavari,Subbituminous,closed,18.721111,79.645,exact,Telangana,0.368,Mtpa,1,1.8,,The Singareni Collieries Co Ltd,GEM GCMT (Global_Coal_Mine_Tracker__August_2026.xlsx)
M1678,Godavarikhani-10 Incline Project,coal_mine,underground; coalfield: Godavari,Subbituminous,closed,18.6494444,79.56361111,exact,Telangana,0.45,Mtpa,1,4.8,,The Singareni Collieries Co Ltd,GEM GCMT (Global_Coal_Mine_Tracker__August_2026.xlsx)
M2899,Gouri Expansion Coal Mine,coal_mine,surface; coalfield: unknown,Subbituminous,closed,19.7874,79.2972,exact,Maharashtra,2.0,Mtpa,1,,,Western Coalfields Ltd,GEM GCMT (Global_Coal_Mine_Tracker__August_2026.xlsx)
M2549,Handidhua Coal Mine,coal_mine,surface; coalfield: unknown,Subbituminous,closed,20.94553,85.19856,approximate,Odisha,,Mtpa,1,6.61,,Mahanadi Coalfields Ltd,GEM GCMT (Global_Coal_Mine_Tracker__August_2026.xlsx)
M1681,Hindustan Lalpeth Coal Mine,coal_mine,underground; coalfield: unknown,Subbituminous,closed,19.9129,79.3157,approximate,Maharashtra,0.18,Mtpa,1,7.48,,Western Coalfields Ltd,GEM GCMT (Global_Coal_Mine_Tracker__August_2026.xlsx)
M2581,HLC No. 1 Coal Mine,coal_mine,underground; coalfield: unknown,Subbituminous,closed,19.9129,79.3157,approximate,Maharashtra,,Mtpa,1,,,Western Coalfields Ltd,GEM GCMT (Global_Coal_Mine_Tracker__August_2026.xlsx)
M2889,Jambad OC Coal Mine,coal_mine,surface; coalfield: Raniganj,Subbituminous,closed,23.643161,87.182493,exact,West Bengal,0.8,Mtpa,1,,,Eastern Coalfields Ltd,GEM GCMT (Global_Coal_Mine_Tracker__August_2026.xlsx)
M2754,Jambad UG Coal Mine,coal_mine,underground; coalfield: Raniganj,Subbituminous,closed,23.651816,87.173368,exact,West Bengal,0.24,Mtpa,1,,,Eastern Coalfields Ltd,GEM GCMT (Global_Coal_Mine_Tracker__August_2026.xlsx)
M1683,Jamuna OC Coal Mine,coal_mine,surface; coalfield: unknown,Subbituminous,closed,23.16815,81.942397,approximate,Madhya Pradesh,1.31,Mtpa,1,10.52,,South Eastern Coalfields Ltd,GEM GCMT (Global_Coal_Mine_Tracker__August_2026.xlsx)
M1685,Jamuniya Coal Mine,coal_mine,underground; coalfield: Pench-Kanhan,Subbituminous,closed,22.1996567,78.8342559,approximate,Madhya Pradesh,,Mtpa,1,,,Western Coalfields Ltd,GEM GCMT (Global_Coal_Mine_Tracker__August_2026.xlsx)
M0541,Jawaharkhani 5 Coal Mine,coal_mine,surface; coalfield: Bhadradri Kothagudem,Subbituminous,closed,17.5783,80.3225,exact,Telangana,1.9,Mtpa,1,4.9,,The Singareni Collieries Co Ltd,GEM GCMT (Global_Coal_Mine_Tracker__August_2026.xlsx)
M2547,Juna Kunada Coal Mine,coal_mine,surface; coalfield: Wardha Valley,Subbituminous,closed,20.051389,79.061667,exact,Maharashtra,1.2,Mtpa,1,3.25,,Western Coalfields Ltd,GEM GCMT (Global_Coal_Mine_Tracker__August_2026.xlsx)
M0546,JVR I Coal Mine,coal_mine,surface; coalfield: Godavari Valley,Subbituminous,closed,17.208799,80.801703,exact,Telangana,2.5,Mtpa,1,5.47,,The Singareni Collieries Co Ltd,GEM GCMT (Global_Coal_Mine_Tracker__August_2026.xlsx)
M4443,Kakatiya Khani Open Cast-2 Coal Mine,coal_mine,surface; coalfield: unknown,Subbituminous,closed,18.44801529,79.85364474,exact,Telangana,1.25,Mtpa,1,6.7,,The Singareni Collieries Co Ltd,GEM GCMT (Global_Coal_Mine_Tracker__August_2026.xlsx)
M1366,Kakatiya Khani-2 Coal Mine,coal_mine,underground; coalfield: Jayashankar Bhoopalpally,Subbituminous,closed,18.4568,79.8572,exact,Telangana,,Mtpa,1,2.89,,The Singareni Collieries Co Ltd,GEM GCMT (Global_Coal_Mine_Tracker__August_2026.xlsx)
M2651,Kalipahari A Coal Mine,coal_mine,surface; coalfield: unknown,Subbituminous,closed,23.650069,87.071513,approximate,West Bengal,0.4,Mtpa,1,,,Eastern Coalfields Ltd,GEM GCMT (Global_Coal_Mine_Tracker__August_2026.xlsx)
M2593,KB 10/12 Pits Coal Mine,coal_mine,underground; coalfield: unknown,Subbituminous,closed,23.7556,86.3759,approximate,Jharkhand,,Mtpa,1,,,Bharat Coking Coal Ltd,GEM GCMT (Global_Coal_Mine_Tracker__August_2026.xlsx)
M2732,Kenduadih Coal Mine,coal_mine,surface; coalfield: Jharia,Bituminous,closed,23.772585,86.398367,approximate,Jharkhand,,Mtpa,1,,,Bharat Coking Coal Ltd,GEM GCMT (Global_Coal_Mine_Tracker__August_2026.xlsx)
M2733,KK 1 Inc Coal Mine,coal_mine,underground; coalfield: unknown,Subbituminous,closed,18.9915,79.4796,exact,Telangana,0.5,Mtpa,1,4.24,,The Singareni Collieries Co Ltd,GEM GCMT (Global_Coal_Mine_Tracker__August_2026.xlsx)
M2578,Kuju Coal Mine,coal_mine,underground; coalfield: unknown,Subbituminous,closed,23.73908,85.512188,exact,Jharkhand,,Mtpa,1,,,Central Coalfields Ltd,GEM GCMT (Global_Coal_Mine_Tracker__August_2026.xlsx)
M5618,Kumbharkhani Underground Mine,coal_mine,underground; coalfield: unknown,Subbituminous,closed,19.9768745,78.8275799,exact,Maharashtra,0.6,Mtpa,1,4.42,,Western Coalfields Ltd,GEM GCMT (Global_Coal_Mine_Tracker__August_2026.xlsx)
M2579,Laiyo Coal Mine,coal_mine,underground; coalfield: unknown,Subbituminous,closed,23.7903,85.6253,exact,Jharkhand,,Mtpa,1,,,Central Coalfields Ltd,GEM GCMT (Global_Coal_Mine_Tracker__August_2026.xlsx)
M2548,Lilari Coal Mine,coal_mine,surface; coalfield: Ib Valley,Lignite,closed,21.77988712,83.85769889,approximate,Odisha,0.8,Mtpa,1,2.04,,Mahanadi Coalfields Ltd,GEM GCMT (Global_Coal_Mine_Tracker__August_2026.xlsx)
M2691,Mahakali Coal Mine,coal_mine,underground; coalfield: unknown,Subbituminous,closed,19.9468,79.3112,exact,Maharashtra,0.4,Mtpa,1,,,Western Coalfields Ltd,GEM GCMT (Global_Coal_Mine_Tracker__August_2026.xlsx)
M1706,Mahamaya Coal Mine,coal_mine,underground; coalfield: Chirimiri,Subbituminous,closed,23.381938,83.023413,exact,Chhattisgarh,1.5,Mtpa,1,7.62,,South Eastern Coalfields Ltd,GEM GCMT (Global_Coal_Mine_Tracker__August_2026.xlsx)
M2763,Mahan Coal Mine,coal_mine,surface; coalfield: unknown,Subbituminous,closed,23.3861,83.0183,exact,Chhattisgarh,0.36,Mtpa,1,,,South Eastern Coalfields Ltd,GEM GCMT (Global_Coal_Mine_Tracker__August_2026.xlsx)
M1707,Mahan II Coal Mine,coal_mine,surface; coalfield: Bisrampur,Subbituminous,closed,23.352611,83.225911,exact,Chhattisgarh,1.0,Mtpa,1,2.75,,South Eastern Coalfields Ltd,GEM GCMT (Global_Coal_Mine_Tracker__August_2026.xlsx)
M2700,Manna Incline Coal Mine,coal_mine,underground; coalfield: unknown,Subbituminous,closed,19.9132,79.3019,exact,Maharashtra,0.15,Mtpa,1,,,Western Coalfields Ltd,GEM GCMT (Global_Coal_Mine_Tracker__August_2026.xlsx)
M0576,Manuguru IV Coal Mine,coal_mine,surface; coalfield: Bhadradri Kothagudem,Subbituminous,closed,17.976,80.8346,exact,Telangana,3.0,Mtpa,1,6.68,,The Singareni Collieries Co Ltd,GEM GCMT (Global_Coal_Mine_Tracker__August_2026.xlsx)
M4450,Manuguru Opencast-II Coal Mine,coal_mine,surface; coalfield: unknown,Subbituminous,closed,17.976,80.8346,exact,Telangana,6.25,Mtpa,1,,,The Singareni Collieries Co Ltd,GEM GCMT (Global_Coal_Mine_Tracker__August_2026.xlsx)
M2722,Mathani Coal Mine,coal_mine,underground; coalfield: unknown,Subbituminous,closed,22.2389,78.9311,exact,Madhya Pradesh,0.54,Mtpa,1,,,Western Coalfields Ltd,GEM GCMT (Global_Coal_Mine_Tracker__August_2026.xlsx)
M1710,Medapalli Coal Mine,coal_mine,surface; coalfield: Godavari Valley,Subbituminous,closed,18.79965243,79.4647633,exact,Telangana,4.09,Mtpa,1,11.71,,The Singareni Collieries Co Ltd,GEM GCMT (Global_Coal_Mine_Tracker__August_2026.xlsx)
M2642,Murpar Coal Mine,coal_mine,underground; coalfield: unknown,Subbituminous,closed,20.554,79.2928,exact,Maharashtra,0.28,Mtpa,1,,,Western Coalfields Ltd,GEM GCMT (Global_Coal_Mine_Tracker__August_2026.xlsx)
M2657,Nabakajora Coal Mine,coal_mine,underground; coalfield: Raniganj,Subbituminous,closed,23.634844,87.179251,exact,West Bengal,0.3,Mtpa,1,,,Eastern Coalfields Ltd,GEM GCMT (Global_Coal_Mine_Tracker__August_2026.xlsx)
M1713,Navin Kunada Coal Mine,coal_mine,surface; coalfield: Wardha Valley,Subbituminous,closed,20.086325,79.059422,approximate,Maharashtra,2.0,Mtpa,1,2.58,,Western Coalfields Ltd,GEM GCMT (Global_Coal_Mine_Tracker__August_2026.xlsx)
M3011,Orient Mine 3,coal_mine,underground; coalfield: unknown,Lignite,closed,21.8432,83.9088,exact,Odisha,,Mtpa,1,,,Mahanadi Coalfields Ltd,GEM GCMT (Global_Coal_Mine_Tracker__August_2026.xlsx)
M3012,Orient Mine 4,coal_mine,underground; coalfield: Ib Valley,Lignite,closed,21.860485,83.911156,approximate,Odisha,,Mtpa,1,,,Mahanadi Coalfields Ltd,GEM GCMT (Global_Coal_Mine_Tracker__August_2026.xlsx)
M2906,Panandhro Lignite Mine,coal_mine,surface; coalfield: unknown,Lignite,closed,23.6961,68.786,approximate,Gujarat,,Mtpa,1,,,Government of Gujarat,GEM GCMT (Global_Coal_Mine_Tracker__August_2026.xlsx)
M2710,Pandaveswar Coal Mine,coal_mine,underground & surface; coalfield: unknown,Subbituminous,closed,23.697576,87.253978,approximate,West Bengal,,Mtpa,1,13.85,,Eastern Coalfields Ltd,GEM GCMT (Global_Coal_Mine_Tracker__August_2026.xlsx)
M2753,Parasea Coal Mine,coal_mine,underground; coalfield: Raniganj,Subbituminous,closed,23.651644,87.162733,exact,West Bengal,2.07,Mtpa,1,,,Eastern Coalfields Ltd,GEM GCMT (Global_Coal_Mine_Tracker__August_2026.xlsx)
M1719,Pimpalgaon Coal Mine,coal_mine,surface; coalfield: Wardha Valley,Subbituminous,closed,20.05,79.041667,approximate,Maharashtra,1.5,Mtpa,1,4.51,,Western Coalfields Ltd,GEM GCMT (Global_Coal_Mine_Tracker__August_2026.xlsx)
M2751,Pinoura Coal Mine,coal_mine,underground; coalfield: Johilla,Subbituminous,closed,23.335773,80.906213,exact,Madhya Pradesh,0.79,Mtpa,1,,,South Eastern Coalfields Ltd,GEM GCMT (Global_Coal_Mine_Tracker__August_2026.xlsx)
M0608,Piparwar Coal Mines,coal_mine,surface; coalfield: North Karanpura,Lignite,closed,23.724268,85.037525,exact,Jharkhand,,Mtpa,1,2.72,,Central Coalfields Ltd,GEM GCMT (Global_Coal_Mine_Tracker__August_2026.xlsx)
M5619,Pipla Underground Coal Mine,coal_mine,underground; coalfield: unknown,Subbituminous,closed,21.31458,79.08343,approximate,Maharashtra,0.25,Mtpa,1,1.9,,Western Coalfields Ltd,GEM GCMT (Global_Coal_Mine_Tracker__August_2026.xlsx)
M0615,Rajappa Coal Mine,coal_mine,surface; coalfield: Ramgarh,Subbituminous,closed,23.621,85.6878,approximate,Jharkhand,,Mtpa,1,,,Coal India,GEM GCMT (Global_Coal_Mine_Tracker__August_2026.xlsx)
M2734,Ravindrakhani 8 Coal Mine,coal_mine,underground; coalfield: unknown,Subbituminous,closed,18.8958,79.4917,exact,Telangana,,Mtpa,1,,,The Singareni Collieries Co Ltd,GEM GCMT (Global_Coal_Mine_Tracker__August_2026.xlsx)
M2672,Salanpur Coal Mine,coal_mine,underground; coalfield: Jharia,Bituminous,closed,23.80822,86.297918,exact,Jharkhand,0.15,Mtpa,1,1.77,,Bharat Coking Coal Ltd,GEM GCMT (Global_Coal_Mine_Tracker__August_2026.xlsx)
M2686,Shampur-B Coal Mine,coal_mine,underground & surface; coalfield: unknown,Subbituminous,closed,23.77338093,86.71801871,approximate,Jharkhand,,Mtpa,1,3.68,,Eastern Coalfields Ltd,GEM GCMT (Global_Coal_Mine_Tracker__August_2026.xlsx)
M1736,Shivani Coal Mine,coal_mine,surface; coalfield: Wardha Valley,Subbituminous,closed,20.234722,78.906388,approximate,Maharashtra,,Mtpa,1,,,Coal India,GEM GCMT (Global_Coal_Mine_Tracker__August_2026.xlsx)
M2765,Shobhapur Coal Mine,coal_mine,underground; coalfield: Pathekhera,Subbituminous,closed,22.15,78.125,exact,Madhya Pradesh,,Mtpa,1,4.61,,Western Coalfields Ltd,GEM GCMT (Global_Coal_Mine_Tracker__August_2026.xlsx)
M2772,Sudamdih Coal Mine,coal_mine,underground; coalfield: Jharia,Bituminous,closed,23.667299,86.417111,exact,Jharkhand,,Mtpa,1,,,Bharat Coking Coal Ltd,GEM GCMT (Global_Coal_Mine_Tracker__August_2026.xlsx)
M1744,Talabira I Coal Mine,coal_mine,surface; coalfield: unknown,Subbituminous,closed,21.734804,83.989432,exact,Odisha,3.0,Mtpa,1,1.7,,Adani Enterprises Ltd,GEM GCMT (Global_Coal_Mine_Tracker__August_2026.xlsx)
M2870,Tarmi Coal Mine,coal_mine,surface; coalfield: East Bokaro,Subbituminous,closed,23.7681,85.5542,exact,Jharkhand,1.0,Mtpa,1,2.587,,Central Coalfields Ltd,GEM GCMT (Global_Coal_Mine_Tracker__August_2026.xlsx)
M1748,Telwasa Coal Mine,coal_mine,surface; coalfield: unknown,Subbituminous,closed,20.059444,79.077222,approximate,Maharashtra,2.0,Mtpa,1,2.87,,Western Coalfields Ltd,GEM GCMT (Global_Coal_Mine_Tracker__August_2026.xlsx)
M2587,Tipong Colliery,coal_mine,underground & surface; coalfield: Makum,Subbituminous,closed,27.293804,95.755447,approximate,Assam,,Mtpa,1,,,North Eastern Coalfields Ltd,GEM GCMT (Global_Coal_Mine_Tracker__August_2026.xlsx)
M2869,Tirap Colliery,coal_mine,surface; coalfield: Makum,Subbituminous,closed,27.293804,95.755447,exact,Assam,,Mtpa,1,,,North Eastern Coalfields Ltd,GEM GCMT (Global_Coal_Mine_Tracker__August_2026.xlsx)
M1752,Venkatesh Khani No-7 Incline Coal Mine,coal_mine,underground; coalfield: unknown,Subbituminous,closed,17.4519444,80.66666667,exact,,0.843,Mtpa,1,,,The Singareni Collieries Co Ltd,GEM GCMT (Global_Coal_Mine_Tracker__August_2026.xlsx)
P100000123900,Birla Corporation Satna Cement Plant,cement_plant,integrated; kilns: 2,,operating,24.595585,80.858324,exact,Madhya Pradesh,1.64,Mtpa clinker,1,,,Birla Corporation Ltd [100.0%],GEM GCCT (Plant-level_data_-_Global_Cement_and_Concrete_Tracker_-_July_2026_-_Standard_Copy_V1.xlsx)
P100000123901,Birla Corporation Chanderia Cement Plant,cement_plant,integrated; kilns: 4,,operating,24.930921,74.634164,exact,Rajasthan,3.07,Mtpa clinker,1,,,Birla Corporation Ltd [100.0%],GEM GCCT (Plant-level_data_-_Global_Cement_and_Concrete_Tracker_-_July_2026_-_Standard_Copy_V1.xlsx)
P100000123902,KJS Cement Maihar Cement Plant,cement_plant,integrated; kilns: 1,,operating,24.254955,80.797654,exact,Madhya Pradesh,3.5,Mtpa clinker,1,,,KJS Cement Ltd [100.0%],GEM GCCT (Plant-level_data_-_Global_Cement_and_Concrete_Tracker_-_July_2026_-_Standard_Copy_V1.xlsx)
P100000123907,My Home Industries Nalgonda Cement Plant,cement_plant,integrated; kilns: 3,,operating,16.810365,79.917592,exact,Telangana,7,Mtpa clinker,1,,,My Home Industries Pvt Ltd [100.0%],GEM GCCT (Plant-level_data_-_Global_Cement_and_Concrete_Tracker_-_July_2026_-_Standard_Copy_V1.xlsx)
P100000123910,Cement Corporation of India Bokajan Cement Plant,cement_plant,integrated; kilns: 2,,operating,26.020467,93.766061,exact,Assam,0.4,Mtpa clinker,1,,,Cement Corporation of India Ltd [100.0%],GEM GCCT (Plant-level_data_-_Global_Cement_and_Concrete_Tracker_-_July_2026_-_Standard_Copy_V1.xlsx)
P100000123911,Cement Corporation of India Tandur Cement Plant,cement_plant,integrated; kilns: 1,,operating,17.308637,77.475053,exact,Telangana,unknown,Mtpa clinker,1,,,Cement Corporation of India Ltd [100.0%],GEM GCCT (Plant-level_data_-_Global_Cement_and_Concrete_Tracker_-_July_2026_-_Standard_Copy_V1.xlsx)
P100000123912,Cement Corporation of India Rajban Cement Plant,cement_plant,integrated; kilns: 1,,operating,30.521323,77.661101,exact,Himachal Pradesh,unknown,Mtpa clinker,1,,,Cement Corporation of India Ltd [100.0%],GEM GCCT (Plant-level_data_-_Global_Cement_and_Concrete_Tracker_-_July_2026_-_Standard_Copy_V1.xlsx)
P100000123916,Century Textiles and Industries Baikunth Cement Plant,cement_plant,integrated; kilns: 2,,operating,21.497444,81.782887,exact,Chhattisgarh,1.8,Mtpa clinker,1,,,Century Textiles and Industries Ltd [100.0%],GEM GCCT (Plant-level_data_-_Global_Cement_and_Concrete_Tracker_-_July_2026_-_Standard_Copy_V1.xlsx)
P100000123917,UltraTech Cement Gadchandur Cement Plant,cement_plant,integrated; kilns: 2,,operating,19.724394,79.176075,exact,Maharashtra,2.5,Mtpa clinker,1,,,UltraTech Cement Ltd [100.0%],GEM GCCT (Plant-level_data_-_Global_Cement_and_Concrete_Tracker_-_July_2026_-_Standard_Copy_V1.xlsx)
P100000123918,UltraTech Cement Maihar Cement Plant,cement_plant,integrated; kilns: 3,,operating,24.202644,80.799867,exact,Madhya Pradesh,8,Mtpa clinker,1,,,UltraTech Cement Ltd [100.0%],GEM GCCT (Plant-level_data_-_Global_Cement_and_Concrete_Tracker_-_July_2026_-_Standard_Copy_V1.xlsx)
P100000123920,Chettinad Cement Corporation Sangam K Cement Plant,cement_plant,integrated; kilns: 1,,operating,17.370099,77.445669,exact,Karnataka,2,Mtpa clinker,1,,,Chettinad Cement Corporation Pvt Ltd [100.0%],GEM GCCT (Plant-level_data_-_Global_Cement_and_Concrete_Tracker_-_July_2026_-_Standard_Copy_V1.xlsx)
P100000123921,Chettinad Cement Corporation Karikkali Cement Plant,cement_plant,integrated; kilns: 2,,operating,10.712417,78.093078,exact,Tamil Nadu,2.8,Mtpa clinker,1,,,Chettinad Cement Corporation Pvt Ltd [100.0%],GEM GCCT (Plant-level_data_-_Global_Cement_and_Concrete_Tracker_-_July_2026_-_Standard_Copy_V1.xlsx)
P100000123922,Chettinad Cement Corporation Ariyalur Cement Plant,cement_plant,integrated; kilns: 2,,operating,11.058644,79.063006,exact,Tamil Nadu,2.9,Mtpa clinker,1,,,Chettinad Cement Corporation Pvt Ltd [100.0%],GEM GCCT (Plant-level_data_-_Global_Cement_and_Concrete_Tracker_-_July_2026_-_Standard_Copy_V1.xlsx)
P100000123923,Chettinad Cement Corporation Puliyur Cement Plant,cement_plant,integrated; kilns: 1,,operating,10.937116,78.152888,exact,Tamil Nadu,0.73,Mtpa clinker,1,,,Chettinad Cement Corporation Pvt Ltd [100.0%],GEM GCCT (Plant-level_data_-_Global_Cement_and_Concrete_Tracker_-_July_2026_-_Standard_Copy_V1.xlsx)
P100000123925,Dalmia Cement (Bharat) East Jaintia Hills Cement Plant,cement_plant,integrated; kilns: 1,,operating,25.191604,92.359386,exact,Meghalaya,1.3,Mtpa clinker,1,,,Dalmia Cement (Bharat) Ltd [100.0%],GEM GCCT (Plant-level_data_-_Global_Cement_and_Concrete_Tracker_-_July_2026_-_Standard_Copy_V1.xlsx)
P100000123927,Dalmia Cement (Bharat) YSR District Cement Plant,cement_plant,integrated; kilns: 1,,operating,14.932014,78.339902,exact,Andhra Pradesh,2.6,Mtpa clinker,1,,,Dalmia Cement (Bharat) Ltd [100.0%],GEM GCCT (Plant-level_data_-_Global_Cement_and_Concrete_Tracker_-_July_2026_-_Standard_Copy_V1.xlsx)
P100000123928,Dalmia Cement (Bharat) Tiruchirappalli Cement Plant,cement_plant,integrated; kilns: 2,,operating,10.968101,78.947252,exact,Tamil Nadu,2.3,Mtpa clinker,1,,,Dalmia Cement (Bharat) Ltd [100.0%],GEM GCCT (Plant-level_data_-_Global_Cement_and_Concrete_Tracker_-_July_2026_-_Standard_Copy_V1.xlsx)
P100000123929,Dalmia Cement (Bharat) Ariyalur Cement Plant,cement_plant,integrated; kilns: 3,,operating,11.182995,79.09975,exact,Tamil Nadu,1.64,Mtpa clinker,1,,,Dalmia Cement (Bharat) Ltd [100.0%],GEM GCCT (Plant-level_data_-_Global_Cement_and_Concrete_Tracker_-_July_2026_-_Standard_Copy_V1.xlsx)
P100000123930,Dalmia Cement (Bharat) Belagavi Cement Plant,cement_plant,integrated; kilns: 1,,operating,16.204723,75.209295,exact,Karnataka,2.6,Mtpa clinker,1,,,Dalmia Cement (Bharat) Ltd [100.0%],GEM GCCT (Plant-level_data_-_Global_Cement_and_Concrete_Tracker_-_July_2026_-_Standard_Copy_V1.xlsx)
P100000123932,OCL India Rajgangpur Cement Plant,cement_plant,integrated; kilns: 2,,operating,22.201498,84.58922,exact,Odisha,5.9,Mtpa clinker,1,,,OCL India Ltd [100.0%],GEM GCCT (Plant-level_data_-_Global_Cement_and_Concrete_Tracker_-_July_2026_-_Standard_Copy_V1.xlsx)
P100000123938,HeidelbergCement India Tumkur Cement Plant,cement_plant,integrated; kilns: 1,,operating,13.27022,76.723122,exact,Karnataka,unknown,Mtpa clinker,1,,,HeidelbergCement India Ltd [100.0%],GEM GCCT (Plant-level_data_-_Global_Cement_and_Concrete_Tracker_-_July_2026_-_Standard_Copy_V1.xlsx)
P100000123939,HeidelbergCement India Narsinghgarh Cement Plant,cement_plant,integrated; kilns: 3,,operating,23.990282,79.392584,exact,Madhya Pradesh,1.83,Mtpa clinker,1,,,HeidelbergCement India Ltd [100.0%],GEM GCCT (Plant-level_data_-_Global_Cement_and_Concrete_Tracker_-_July_2026_-_Standard_Copy_V1.xlsx)
P100000123940,Zuari Cement Sitapuram Cement Plant,cement_plant,integrated; kilns: 1,,operating,16.832064,80.036823,exact,Telangana,1.2,Mtpa clinker,1,,,Zuari Cement Ltd [100.0%],GEM GCCT (Plant-level_data_-_Global_Cement_and_Concrete_Tracker_-_July_2026_-_Standard_Copy_V1.xlsx)
P100000123941,Zuari Cement Yerraguntla Cement Plant,cement_plant,integrated; kilns: 2,,operating,14.60521,78.522478,exact,Andhra Pradesh,4.3,Mtpa clinker,1,,,Zuari Cement Ltd [100.0%],GEM GCCT (Plant-level_data_-_Global_Cement_and_Concrete_Tracker_-_July_2026_-_Standard_Copy_V1.xlsx)
P100000123945,India Cements Alathiyur Cement Plant,cement_plant,integrated; kilns: 1,,operating,11.357619,79.223045,exact,Tamil Nadu,2.77,Mtpa clinker,1,,,India Cements Ltd [100.0%],GEM GCCT (Plant-level_data_-_Global_Cement_and_Concrete_Tracker_-_July_2026_-_Standard_Copy_V1.xlsx)
P100000123946,India Cements Chilamakuru Cement Plant,cement_plant,integrated; kilns: 1,,operating,14.665693,78.457835,exact,Andhra Pradesh,1.49,Mtpa clinker,1,,,India Cements Ltd [100.0%],GEM GCCT (Plant-level_data_-_Global_Cement_and_Concrete_Tracker_-_July_2026_-_Standard_Copy_V1.xlsx)
P100000123947,India Cements Malkapur Cement Plant,cement_plant,integrated; kilns: 2,,operating,17.331722,77.487459,exact,Telangana,1.25,Mtpa clinker,1,,,India Cements Ltd [100.0%],GEM GCCT (Plant-level_data_-_Global_Cement_and_Concrete_Tracker_-_July_2026_-_Standard_Copy_V1.xlsx)
P100000123948,India Cements Sankari West Cement Plant,cement_plant,integrated; kilns: 1,,operating,11.454468,77.828686,exact,Tamil Nadu,0.58,Mtpa clinker,1,,,India Cements Ltd [100.0%],GEM GCCT (Plant-level_data_-_Global_Cement_and_Concrete_Tracker_-_July_2026_-_Standard_Copy_V1.xlsx)
P100000123949,India Cements Sankarnagar Cement Plant,cement_plant,integrated; kilns: 1,,operating,8.78885,77.730918,exact,Tamil Nadu,1.32,Mtpa clinker,1,,,India Cements Ltd [100.0%],GEM GCCT (Plant-level_data_-_Global_Cement_and_Concrete_Tracker_-_July_2026_-_Standard_Copy_V1.xlsx)
P100000123950,India Cements Wadapally Cement Plant,cement_plant,integrated; kilns: 2,,operating,16.696363,79.648627,exact,Telangana,1.43,Mtpa clinker,1,,,India Cements Ltd [100.0%],GEM GCCT (Plant-level_data_-_Global_Cement_and_Concrete_Tracker_-_July_2026_-_Standard_Copy_V1.xlsx)
P100000123951,India Cements YSR District Cement Plant,cement_plant,integrated; kilns: 1,,operating,14.642947,78.528902,exact,Andhra Pradesh,0.69,Mtpa clinker,1,,,India Cements Ltd [100.0%],GEM GCCT (Plant-level_data_-_Global_Cement_and_Concrete_Tracker_-_July_2026_-_Standard_Copy_V1.xlsx)
P100000123952,Trinetra Cement Banswara Cement Plant,cement_plant,integrated; kilns: 1,,operating,23.603059,74.256034,exact,Rajasthan,1.2,Mtpa clinker,1,,,Trinetra Cement Ltd [100.0%],GEM GCCT (Plant-level_data_-_Global_Cement_and_Concrete_Tracker_-_July_2026_-_Standard_Copy_V1.xlsx)
P100000123955,JK Cement Gotan Cement Plant,cement_plant,integrated; kilns: 1,,operating,26.644668,73.727432,exact,Rajasthan,1.69,Mtpa clinker,1,,,JK Cement Ltd [100.0%],GEM GCCT (Plant-level_data_-_Global_Cement_and_Concrete_Tracker_-_July_2026_-_Standard_Copy_V1.xlsx)
P100000123956,JK Cement Nimbahera Cement Plant,cement_plant,integrated; kilns: 3,,operating,24.642507,74.684476,exact,Rajasthan,3.2,Mtpa clinker,1,,,JK Cement Ltd [100.0%],GEM GCCT (Plant-level_data_-_Global_Cement_and_Concrete_Tracker_-_July_2026_-_Standard_Copy_V1.xlsx)
P100000123957,JK Cement Chittaurgarh Cement Plant,cement_plant,integrated; kilns: 3,,operating,24.695595,74.684612,exact,Rajasthan,2.9,Mtpa clinker,1,,,JK Cement Ltd [100.0%],GEM GCCT (Plant-level_data_-_Global_Cement_and_Concrete_Tracker_-_July_2026_-_Standard_Copy_V1.xlsx)
P100000123958,JK Cement Bagalkot Cement Plant,cement_plant,integrated; kilns: 1,,operating,16.205971,75.298457,exact,Karnataka,2.2,Mtpa clinker,1,,,JK Cement Ltd [100.0%],GEM GCCT (Plant-level_data_-_Global_Cement_and_Concrete_Tracker_-_July_2026_-_Standard_Copy_V1.xlsx)
P100000123960,JK Lakshmi Cement Ahiwara Cement Plant,cement_plant,integrated; kilns: 1,,operating,21.372294,81.450134,exact,Chhattisgarh,1.98,Mtpa clinker,1,,,JK Lakshmi Cement Ltd [100.0%],GEM GCCT (Plant-level_data_-_Global_Cement_and_Concrete_Tracker_-_July_2026_-_Standard_Copy_V1.xlsx)
P100000123961,JK Lakshmi Cement Sirohi Cement Plant,cement_plant,integrated; kilns: 3,,operating,24.69062,73.002276,exact,Rajasthan,5,Mtpa clinker,1,,,JK Lakshmi Cement Ltd [100.0%],GEM GCCT (Plant-level_data_-_Global_Cement_and_Concrete_Tracker_-_July_2026_-_Standard_Copy_V1.xlsx)
P100000123967,JSW Cement Nandyal Cement Plant,cement_plant,integrated; kilns: 1,,operating,15.686282,78.458991,exact,Andhra Pradesh,2.8,Mtpa clinker,1,,,JSW Cement Ltd [100.0%],GEM GCCT (Plant-level_data_-_Global_Cement_and_Concrete_Tracker_-_July_2026_-_Standard_Copy_V1.xlsx)
P100000123971,Jaypee Cement Corp Rewa Cement Plant,cement_plant,integrated; kilns: 2,,operating,24.565587,81.176433,exact,Madhya Pradesh,3.2,Mtpa clinker,1,,,Jaypee Cement Corp Ltd [100.0%],GEM GCCT (Plant-level_data_-_Global_Cement_and_Concrete_Tracker_-_July_2026_-_Standard_Copy_V1.xlsx)
P100000123972,KCP Macherla Cement Plant,cement_plant,integrated; kilns: 1,,operating,16.468871,79.435689,exact,Andhra Pradesh,0.73,Mtpa clinker,1,,,KCP Ltd [100.0%],GEM GCCT (Plant-level_data_-_Global_Cement_and_Concrete_Tracker_-_July_2026_-_Standard_Copy_V1.xlsx)
P100000123973,KCP Mukteswarapuram Cement Plant,cement_plant,integrated; kilns: 2,,operating,16.837636,80.063456,exact,Andhra Pradesh,3.06,Mtpa clinker,1,,,KCP Ltd [100.0%],GEM GCCT (Plant-level_data_-_Global_Cement_and_Concrete_Tracker_-_July_2026_-_Standard_Copy_V1.xlsx)
P100000123974,Kesoram Industries Basanth Nagar Cement Plant,cement_plant,integrated; kilns: 2,,operating,18.712203,79.404569,exact,Telangana,1.2,Mtpa clinker,1,,,Kesoram Industries Ltd [100.0%],GEM GCCT (Plant-level_data_-_Global_Cement_and_Concrete_Tracker_-_July_2026_-_Standard_Copy_V1.xlsx)
P100000123975,Kesoram Industries Gulbarga Cement Plant,cement_plant,integrated; kilns: 4,,operating,17.160018,77.293503,exact,Karnataka,5.1,Mtpa clinker,1,,,Kesoram Industries Ltd [100.0%],GEM GCCT (Plant-level_data_-_Global_Cement_and_Concrete_Tracker_-_July_2026_-_Standard_Copy_V1.xlsx)
P100000123976,ACC Bardol Cement Plant,cement_plant,integrated; kilns: 1,,operating,21.372104,83.61546,exact,Odisha,1.3,Mtpa clinker,1,,,ACC Ltd [100.0%],GEM GCCT (Plant-level_data_-_Global_Cement_and_Concrete_Tracker_-_July_2026_-_Standard_Copy_V1.xlsx)
P100000123977,ACC Barmana Cement Plant,cement_plant,integrated; kilns: 2,,operating,31.413701,76.834892,exact,Himachal Pradesh,3,Mtpa clinker,1,,,ACC Ltd [100.0%],GEM GCCT (Plant-level_data_-_Global_Cement_and_Concrete_Tracker_-_July_2026_-_Standard_Copy_V1.xlsx)
P100000123978,ACC Cementnagar Cement Plant,cement_plant,integrated; kilns: 1,,operating,19.919046,79.113259,exact,Maharashtra,2.56,Mtpa clinker,1,,,ACC Ltd [100.0%],GEM GCCT (Plant-level_data_-_Global_Cement_and_Concrete_Tracker_-_July_2026_-_Standard_Copy_V1.xlsx)
P100000123979,ACC Jamul Cement Plant,cement_plant,integrated; kilns: 1,,operating,21.239354,81.383196,exact,Chhattisgarh,2.79,Mtpa clinker,1,,,ACC Ltd [100.0%],GEM GCCT (Plant-level_data_-_Global_Cement_and_Concrete_Tracker_-_July_2026_-_Standard_Copy_V1.xlsx)
P100000123980,ACC Jhinkpani Cement Plant,cement_plant,integrated; kilns: 1,,operating,22.424461,85.753248,exact,Jharkhand,1.2,Mtpa clinker,1,,,ACC Ltd [100.0%],GEM GCCT (Plant-level_data_-_Global_Cement_and_Concrete_Tracker_-_July_2026_-_Standard_Copy_V1.xlsx)
P100000123981,ACC Kymore Cement Plant,cement_plant,integrated; kilns: 2,,operating,24.054744,80.613003,exact,Madhya Pradesh,3.5,Mtpa clinker,1,,,ACC Ltd [100.0%],GEM GCCT (Plant-level_data_-_Global_Cement_and_Concrete_Tracker_-_July_2026_-_Standard_Copy_V1.xlsx)
P100000123982,ACC Ametha Cement Plant,cement_plant,integrated; kilns: 1,,operating,24.009317,80.529783,exact,Madhya Pradesh,3.3,Mtpa clinker,1,,,ACC Ltd [100.0%],GEM GCCT (Plant-level_data_-_Global_Cement_and_Concrete_Tracker_-_July_2026_-_Standard_Copy_V1.xlsx)
P100000123983,ACC Lakheri Cement Plant,cement_plant,integrated; kilns: 1,,operating,25.670752,76.188927,exact,Rajasthan,1.28,Mtpa clinker,1,,,ACC Ltd [100.0%],GEM GCCT (Plant-level_data_-_Global_Cement_and_Concrete_Tracker_-_July_2026_-_Standard_Copy_V1.xlsx)
P100000123984,ACC Madukkarai Cement Plant,cement_plant,integrated; kilns: 1,,operating,10.906571,76.955751,exact,Tamil Nadu,0.88,Mtpa clinker,1,,,ACC Ltd [100.0%],GEM GCCT (Plant-level_data_-_Global_Cement_and_Concrete_Tracker_-_July_2026_-_Standard_Copy_V1.xlsx)
P100000123985,ACC Wadi Cement Plant,cement_plant,integrated; kilns: 2,,operating,17.062828,76.978304,exact,Karnataka,4.56,Mtpa clinker,1,,,ACC Ltd [100.0%],GEM GCCT (Plant-level_data_-_Global_Cement_and_Concrete_Tracker_-_July_2026_-_Standard_Copy_V1.xlsx)
P100000123986,Ambuja Cements Ambuja Nagar Cement Plant,cement_plant,integrated; kilns: 1,,operating,20.83622,70.69306,exact,Gujarat,unknown,Mtpa clinker,1,,,Ambuja Cements Ltd [100.0%],GEM GCCT (Plant-level_data_-_Global_Cement_and_Concrete_Tracker_-_July_2026_-_Standard_Copy_V1.xlsx)
P100000123987,Ambuja Cements Darlaghat Cement Plant,cement_plant,integrated; kilns: 1,,operating,31.258581,76.924968,exact,Himachal Pradesh,2.6,Mtpa clinker,1,,,Ambuja Cements Ltd [100.0%],GEM GCCT (Plant-level_data_-_Global_Cement_and_Concrete_Tracker_-_July_2026_-_Standard_Copy_V1.xlsx)
P100000123988,Ambuja Cements Rabriyawas Cement Plant,cement_plant,integrated; kilns: 1,,operating,26.29945,74.127123,exact,Rajasthan,2.39,Mtpa clinker,1,,,Ambuja Cements Ltd [100.0%],GEM GCCT (Plant-level_data_-_Global_Cement_and_Concrete_Tracker_-_July_2026_-_Standard_Copy_V1.xlsx)
P100000123989,Ambuja Cements Rawan Cement Plant,cement_plant,integrated; kilns: 3,,operating,21.672501,82.083805,exact,Chhattisgarh,8.8,Mtpa clinker,1,,,Ambuja Cements Ltd [100.0%],GEM GCCT (Plant-level_data_-_Global_Cement_and_Concrete_Tracker_-_July_2026_-_Standard_Copy_V1.xlsx)
P100000123990,Ambuja Cements Sonapur Cement Plant,cement_plant,integrated; kilns: 1,,operating,19.703919,79.220306,exact,Maharashtra,2.85,Mtpa clinker,1,,,Ambuja Cements Ltd [100.0%],GEM GCCT (Plant-level_data_-_Global_Cement_and_Concrete_Tracker_-_July_2026_-_Standard_Copy_V1.xlsx)
P100000124004,Malabar Cements Walayar Cement Plant,cement_plant,integrated; kilns: 1,,operating,10.848197,76.835789,exact,Kerala,0.8,Mtpa clinker,1,,,Malabar Cements Ltd [100.0%],GEM GCCT (Plant-level_data_-_Global_Cement_and_Concrete_Tracker_-_July_2026_-_Standard_Copy_V1.xlsx)
P100000124006,Murli Industries Chandrapur Cement Plant,cement_plant,integrated; kilns: 1,,operating,19.787467,79.064451,exact,Maharashtra,2,Mtpa clinker,1,,,Murli Industries Ltd [100.0%],GEM GCCT (Plant-level_data_-_Global_Cement_and_Concrete_Tracker_-_July_2026_-_Standard_Copy_V1.xlsx)
P100000124007,NCL Industries Nalgonda Cement Plant,cement_plant,integrated; kilns: 3,,operating,16.715611,79.817766,exact,Telangana,2,Mtpa clinker,1,,,NCL Industries Ltd [100.0%],GEM GCCT (Plant-level_data_-_Global_Cement_and_Concrete_Tracker_-_July_2026_-_Standard_Copy_V1.xlsx)
P100000124009,NU Vista Risda Cement Plant,cement_plant,integrated; kilns: 1,,operating,21.63125,82.110036,exact,Chhattisgarh,3.5,Mtpa clinker,1,,,NU Vista Ltd [100.0%],GEM GCCT (Plant-level_data_-_Global_Cement_and_Concrete_Tracker_-_July_2026_-_Standard_Copy_V1.xlsx)
P100000124010,NuvoVistas Corporation Janjgir Champa Cement Plant,cement_plant,integrated; kilns: 1,,operating,21.969431,82.351432,exact,Chhattisgarh,1.66,Mtpa clinker,1,,,Nuvoco Vistas Corporation Ltd [100.0%],GEM GCCT (Plant-level_data_-_Global_Cement_and_Concrete_Tracker_-_July_2026_-_Standard_Copy_V1.xlsx)
P100000124011,NuvoVistas Corporation Raseda Cement Plant,cement_plant,integrated; kilns: 2,,operating,21.73034,82.212864,exact,Chhattisgarh,3.6,Mtpa clinker,1,,,Nuvoco Vistas Corporation Ltd [100.0%],GEM GCCT (Plant-level_data_-_Global_Cement_and_Concrete_Tracker_-_July_2026_-_Standard_Copy_V1.xlsx)
P100000124012,NuvoVistas Corporation Nimbol Cement Plant,cement_plant,integrated; kilns: 1,,operating,26.332138,73.847671,exact,Rajasthan,3.67,Mtpa clinker,1,,,Nuvoco Vistas Corporation Ltd [100.0%],GEM GCCT (Plant-level_data_-_Global_Cement_and_Concrete_Tracker_-_July_2026_-_Standard_Copy_V1.xlsx)
P100000124013,NuvoVistas Corporation Chittaurgarh Cement Plant,cement_plant,integrated; kilns: 1,,operating,24.714457,74.670187,exact,Rajasthan,1.94,Mtpa clinker,1,,,Nuvoco Vistas Corporation Ltd [100.0%],GEM GCCT (Plant-level_data_-_Global_Cement_and_Concrete_Tracker_-_July_2026_-_Standard_Copy_V1.xlsx)
P100000124020,Orient Cement Devapur Cement Plant,cement_plant,integrated; kilns: 3,,operating,19.033435,79.349324,exact,Telangana,3.5,Mtpa clinker,1,,,Orient Cement Ltd [100.0%],GEM GCCT (Plant-level_data_-_Global_Cement_and_Concrete_Tracker_-_July_2026_-_Standard_Copy_V1.xlsx)
P100000124021,Orient Cement Chittapur Cement Plant,cement_plant,integrated; kilns: 1,,operating,17.108274,77.132457,exact,Karnataka,2,Mtpa clinker,1,,,Orient Cement Ltd [100.0%],GEM GCCT (Plant-level_data_-_Global_Cement_and_Concrete_Tracker_-_July_2026_-_Standard_Copy_V1.xlsx)
P100000124023,Ambuja Cements Talaricheruvu Cement Plant,cement_plant,integrated; kilns: 2,,operating,14.951422,78.075824,exact,Andhra Pradesh,1.3,Mtpa clinker,1,,,Ambuja Cements Ltd [100.0%],GEM GCCT (Plant-level_data_-_Global_Cement_and_Concrete_Tracker_-_July_2026_-_Standard_Copy_V1.xlsx)
P100000124024,Ambuja Cement Tandur Cement Plant,cement_plant,integrated; kilns: 1,,operating,17.296071,77.504923,exact,Telangana,1.5,Mtpa clinker,1,,,Ambuja Cement Ltd [100.0%],GEM GCCT (Plant-level_data_-_Global_Cement_and_Concrete_Tracker_-_July_2026_-_Standard_Copy_V1.xlsx)
P100000124025,Ambuja Cements Anantapuram Cement Plant,cement_plant,integrated; kilns: 2,,operating,15.061606,77.950937,exact,Andhra Pradesh,4,Mtpa clinker,1,,,Ambuja Cements Ltd [100.0%],GEM GCCT (Plant-level_data_-_Global_Cement_and_Concrete_Tracker_-_July_2026_-_Standard_Copy_V1.xlsx)
P100000124026,Ambuja Cement Wadapally Cement Plant,cement_plant,integrated; kilns: 1,,operating,16.718672,79.694801,exact,Telangana,1,Mtpa clinker,1,,,Ambuja Cement Ltd [100.0%],GEM GCCT (Plant-level_data_-_Global_Cement_and_Concrete_Tracker_-_July_2026_-_Standard_Copy_V1.xlsx)
P100000124029,Rain Cements Kurnool Cement Plant,cement_plant,integrated; kilns: 2,,operating,15.221793,77.93196,exact,Andhra Pradesh,1.94,Mtpa clinker,1,,,Rain Cements Ltd [100.0%],GEM GCCT (Plant-level_data_-_Global_Cement_and_Concrete_Tracker_-_July_2026_-_Standard_Copy_V1.xlsx)
P100000124030,Rain Cements Ramapuram Cement Plant,cement_plant,integrated; kilns: 2,,operating,16.84395,79.984596,exact,Telangana,1,Mtpa clinker,1,,,Rain Cements Ltd [100.0%],GEM GCCT (Plant-level_data_-_Global_Cement_and_Concrete_Tracker_-_July_2026_-_Standard_Copy_V1.xlsx)
P100000124031,Ramco Cements Govindapuram Cement Plant,cement_plant,integrated; kilns: 2,,operating,11.177107,79.08911,exact,Tamil Nadu,3.5,Mtpa clinker,1,,,Ramco Cements Ltd [100.0%],GEM GCCT (Plant-level_data_-_Global_Cement_and_Concrete_Tracker_-_July_2026_-_Standard_Copy_V1.xlsx)
P100000124032,RamCements Jayanthipuram Cement Plant,cement_plant,integrated; kilns: 2,,operating,16.875719,80.1215,exact,Andhra Pradesh,3.2,Mtpa clinker,1,,,Ramco Cements Ltd [100.0%],GEM GCCT (Plant-level_data_-_Global_Cement_and_Concrete_Tracker_-_July_2026_-_Standard_Copy_V1.xlsx)
P100000124034,Ramco Cements Alathiyur Cement Plant,cement_plant,integrated; kilns: 2,,operating,11.361772,79.232041,exact,Tamil Nadu,2.52,Mtpa clinker,1,,,Ramco Cements Ltd [100.0%],GEM GCCT (Plant-level_data_-_Global_Cement_and_Concrete_Tracker_-_July_2026_-_Standard_Copy_V1.xlsx)
P100000124035,Ramco Cements Tulukkapatti Cement Plant,cement_plant,integrated; kilns: 3,,operating,9.455703,77.927796,exact,Tamil Nadu,2.14,Mtpa clinker,1,,,Ramco Cements Ltd [100.0%],GEM GCCT (Plant-level_data_-_Global_Cement_and_Concrete_Tracker_-_July_2026_-_Standard_Copy_V1.xlsx)
P100000124040,Sagar Cements Mattampally Cement Plant,cement_plant,integrated; kilns: 2,,operating,16.766967,79.862794,exact,Telangana,2.8,Mtpa clinker,1,,,Sagar Cements Ltd [100.0%],GEM GCCT (Plant-level_data_-_Global_Cement_and_Concrete_Tracker_-_July_2026_-_Standard_Copy_V1.xlsx)
P100000124043,Shree Cement Beawar Cement Plant,cement_plant,integrated; kilns: 2,,operating,26.081874,74.380089,exact,Rajasthan,1.4,Mtpa clinker,1,,,Shree Cement Ltd [100.0%],GEM GCCT (Plant-level_data_-_Global_Cement_and_Concrete_Tracker_-_July_2026_-_Standard_Copy_V1.xlsx)
P100000124044,Shree Cement Benakanahalli Cement Plant,cement_plant,integrated; kilns: 1,,operating,17.041739,77.22044,exact,Karnataka,2.4,Mtpa clinker,1,,,Shree Cement Ltd [100.0%],GEM GCCT (Plant-level_data_-_Global_Cement_and_Concrete_Tracker_-_July_2026_-_Standard_Copy_V1.xlsx)
P100000124045,Shree Cement Ras Cement Plant,cement_plant,integrated; kilns: 8,,operating,26.268063,74.188744,exact,Rajasthan,3,Mtpa clinker,1,,,Shree Cement Ltd [100.0%],GEM GCCT (Plant-level_data_-_Global_Cement_and_Concrete_Tracker_-_July_2026_-_Standard_Copy_V1.xlsx)
P100000124046,Shree Cement Raipur Cement Plant,cement_plant,integrated; kilns: 3,,operating,21.602223,82.041492,exact,Chhattisgarh,5.2,Mtpa clinker,1,,,Shree Cement Ltd [100.0%],GEM GCCT (Plant-level_data_-_Global_Cement_and_Concrete_Tracker_-_July_2026_-_Standard_Copy_V1.xlsx)
P100000124055,UltraTech Cement Sirohi Cement Plant,cement_plant,integrated; kilns: 2,,operating,24.82232,73.093914,exact,Rajasthan,4.8,Mtpa clinker,1,,,UltraTech Cement Ltd [100.0%],GEM GCCT (Plant-level_data_-_Global_Cement_and_Concrete_Tracker_-_July_2026_-_Standard_Copy_V1.xlsx)
P100000124056,UltraTech Cement Sidhi Cement Plant,cement_plant,integrated; kilns: 2,,operating,24.327418,81.329448,exact,Madhya Pradesh,3,Mtpa clinker,1,,,UltraTech Cement Ltd [100.0%],GEM GCCT (Plant-level_data_-_Global_Cement_and_Concrete_Tracker_-_July_2026_-_Standard_Copy_V1.xlsx)
P100000124057,UltraTech Cement Dalla Cement Plant,cement_plant,integrated; kilns: 2,,operating,24.449401,83.039567,exact,Uttar Pradesh,2,Mtpa clinker,1,,,UltraTech Cement Ltd [100.0%],GEM GCCT (Plant-level_data_-_Global_Cement_and_Concrete_Tracker_-_July_2026_-_Standard_Copy_V1.xlsx)
P100000124058,UltraTech Cement Jaypee Puram Cement Plant,cement_plant,integrated; kilns: 1,,operating,24.528559,81.169019,exact,Madhya Pradesh,2.38,Mtpa clinker,1,,,UltraTech Cement Ltd [100.0%],GEM GCCT (Plant-level_data_-_Global_Cement_and_Concrete_Tracker_-_July_2026_-_Standard_Copy_V1.xlsx)
P100000124059,UltraTech Cement Budawada Cement Plant,cement_plant,integrated; kilns: 1,,operating,16.871085,80.021716,exact,Andhra Pradesh,3.6,Mtpa clinker,1,,,UltraTech Cement Ltd [100.0%],GEM GCCT (Plant-level_data_-_Global_Cement_and_Concrete_Tracker_-_July_2026_-_Standard_Copy_V1.xlsx)
P100000124060,UltraTech Cement Nrupathanga Cement Plant,cement_plant,integrated; kilns: 3,,operating,17.141011,77.176197,exact,Karnataka,9,Mtpa clinker,1,,,UltraTech Cement Ltd [100.0%],GEM GCCT (Plant-level_data_-_Global_Cement_and_Concrete_Tracker_-_July_2026_-_Standard_Copy_V1.xlsx)
P100000124061,UltraTech Cement Adityapuram Cement Plant,cement_plant,integrated; kilns: 3,,operating,24.765642,74.609918,exact,Rajasthan,8.9,Mtpa clinker,1,,,UltraTech Cement Ltd [100.0%],GEM GCCT (Plant-level_data_-_Global_Cement_and_Concrete_Tracker_-_July_2026_-_Standard_Copy_V1.xlsx)
P100000124062,UltraTech Cement Chandrapur Cement Plant,cement_plant,integrated; kilns: 2,,operating,19.785699,79.148964,exact,Maharashtra,4.5,Mtpa clinker,1,,,UltraTech Cement Ltd [100.0%],GEM GCCT (Plant-level_data_-_Global_Cement_and_Concrete_Tracker_-_July_2026_-_Standard_Copy_V1.xlsx)
P100000124063,UltraTech Cement Jafrabad Cement Plant,cement_plant,integrated; kilns: 1,,operating,20.868289,71.397709,exact,Gujarat,1.5,Mtpa clinker,1,,,UltraTech Cement Ltd [100.0%],GEM GCCT (Plant-level_data_-_Global_Cement_and_Concrete_Tracker_-_July_2026_-_Standard_Copy_V1.xlsx)
P100000124064,UltraTech Cement Tadipatri Cement Plant,cement_plant,integrated; kilns: 3,,operating,15.023021,78.01432,exact,Andhra Pradesh,6.5,Mtpa clinker,1,,,UltraTech Cement Ltd [100.0%],GEM GCCT (Plant-level_data_-_Global_Cement_and_Concrete_Tracker_-_July_2026_-_Standard_Copy_V1.xlsx)
P100000124065,UltraTech Cement Hirmi Cement Plant,cement_plant,integrated; kilns: 2,,operating,21.545403,81.947803,exact,Chhattisgarh,2.2,Mtpa clinker,1,,,UltraTech Cement Ltd [100.0%],GEM GCCT (Plant-level_data_-_Global_Cement_and_Concrete_Tracker_-_July_2026_-_Standard_Copy_V1.xlsx)
P100000124066,UltraTech Cement Vikram Nagar Cement Plant,cement_plant,integrated; kilns: 3,,operating,24.578516,74.803992,exact,Madhya Pradesh,4,Mtpa clinker,1,,,UltraTech Cement Ltd [100.0%],GEM GCCT (Plant-level_data_-_Global_Cement_and_Concrete_Tracker_-_July_2026_-_Standard_Copy_V1.xlsx)
P100000124067,UltraTech Cement Amreli Cement Plant,cement_plant,integrated; kilns: 2,,operating,20.910015,71.46093,exact,Gujarat,5.7,Mtpa clinker,1,,,UltraTech Cement Ltd [100.0%],GEM GCCT (Plant-level_data_-_Global_Cement_and_Concrete_Tracker_-_July_2026_-_Standard_Copy_V1.xlsx)
P100000124068,UltraTech Cement Kotputli Cement Plant,cement_plant,integrated; kilns: 2,,operating,27.668801,76.128894,exact,Rajasthan,4,Mtpa clinker,1,,,UltraTech Cement Ltd [100.0%],GEM GCCT (Plant-level_data_-_Global_Cement_and_Concrete_Tracker_-_July_2026_-_Standard_Copy_V1.xlsx)
P100000124069,UltraTech Cement Kharia Khangar Cement Plant,cement_plant,integrated; kilns: 2,,operating,26.606036,73.684448,exact,Rajasthan,unknown,Mtpa clinker,1,,,UltraTech Cement Ltd [100.0%],GEM GCCT (Plant-level_data_-_Global_Cement_and_Concrete_Tracker_-_July_2026_-_Standard_Copy_V1.xlsx)
P100000124070,UltraTech Cement Rawan Cement Plant,cement_plant,integrated; kilns: 2,,operating,21.577059,82.021174,exact,Chhattisgarh,6.5,Mtpa clinker,1,,,UltraTech Cement Ltd [100.0%],GEM GCCT (Plant-level_data_-_Global_Cement_and_Concrete_Tracker_-_July_2026_-_Standard_Copy_V1.xlsx)
P100000124071,UltraTech Cement Reddipalayam Cement Plant,cement_plant,integrated; kilns: 1,,operating,11.105441,79.172074,exact,Tamil Nadu,1.2,Mtpa clinker,1,,,UltraTech Cement Ltd [100.0%],GEM GCCT (Plant-level_data_-_Global_Cement_and_Concrete_Tracker_-_July_2026_-_Standard_Copy_V1.xlsx)
P100000124072,UltraTech Cement Sewagram Cement Plant,cement_plant,integrated; kilns: 2,,operating,23.42854,68.712812,exact,Gujarat,4,Mtpa clinker,1,,,UltraTech Cement Ltd [100.0%],GEM GCCT (Plant-level_data_-_Global_Cement_and_Concrete_Tracker_-_July_2026_-_Standard_Copy_V1.xlsx)
P100000124073,UltraTech Cement Kandhar Cement Plant,cement_plant,integrated; kilns: 1,,operating,31.3282,76.894259,exact,Himachal Pradesh,2.97,Mtpa clinker,1,,,UltraTech Cement Ltd [100.0%],GEM GCCT (Plant-level_data_-_Global_Cement_and_Concrete_Tracker_-_July_2026_-_Standard_Copy_V1.xlsx)
P100000124074,UltraTech Cement Tonki Cement Plant,cement_plant,integrated; kilns: 2,,operating,22.266143,75.131695,exact,Madhya Pradesh,6,Mtpa clinker,1,,,UltraTech Cement Ltd [100.0%],GEM GCCT (Plant-level_data_-_Global_Cement_and_Concrete_Tracker_-_July_2026_-_Standard_Copy_V1.xlsx)
P100000124096,Bharathi Cement Corporation Kadapa Cement Plant,cement_plant,integrated; kilns: 2,,operating,14.586917,78.579757,exact,Andhra Pradesh,3.3,Mtpa clinker,1,,,Bharathi Cement Corporation Pvt Ltd [100.0%],GEM GCCT (Plant-level_data_-_Global_Cement_and_Concrete_Tracker_-_July_2026_-_Standard_Copy_V1.xlsx)
P100000124097,Kalburgi Cement Chatarsal Cement Plant,cement_plant,integrated; kilns: 1,,operating,17.303447,77.43615,exact,Karnataka,2,Mtpa clinker,1,,,Kalburgi Cement Pvt Ltd [100.0%],GEM GCCT (Plant-level_data_-_Global_Cement_and_Concrete_Tracker_-_July_2026_-_Standard_Copy_V1.xlsx)
P100000124098,Shree Digvijay Cement Company Sikka Cement Plant,cement_plant,integrated; kilns: 1,,operating,22.429021,69.834138,exact,Gujarat,2.21,Mtpa clinker,1,,,Shree Digvijay Cement Company Ltd [100.0%],GEM GCCT (Plant-level_data_-_Global_Cement_and_Concrete_Tracker_-_July_2026_-_Standard_Copy_V1.xlsx)
P100000124099,Andhra Cements Dachepalli Cement Plant,cement_plant,integrated; kilns: 2,,operating,16.648359,79.702465,exact,Andhra Pradesh,2.3,Mtpa clinker,1,,,Andhra Cements Ltd [100.0%],GEM GCCT (Plant-level_data_-_Global_Cement_and_Concrete_Tracker_-_July_2026_-_Standard_Copy_V1.xlsx)
P100000124100,Anjani Portland Cement Nalgonda Cement Plant,cement_plant,integrated; kilns: 2,,operating,16.767007,80.014024,exact,Telangana,1.27,Mtpa clinker,1,,,Anjani Portland Cement Ltd [100.0%],GEM GCCT (Plant-level_data_-_Global_Cement_and_Concrete_Tracker_-_July_2026_-_Standard_Copy_V1.xlsx)
P100000124101,Bagalkot Cement and Industries Bagalkot Cement Plant,cement_plant,integrated; kilns: 1,,operating,16.17713,75.681411,exact,Karnataka,0.4,Mtpa clinker,1,,,Bagalkot Cement and Industries Ltd [100.0%],GEM GCCT (Plant-level_data_-_Global_Cement_and_Concrete_Tracker_-_July_2026_-_Standard_Copy_V1.xlsx)
P100000124102,Barak Valley Cements Badarpur Cement Plant,cement_plant,integrated; kilns: 1,,operating,24.865722,92.582104,exact,Assam,0.26,Mtpa clinker,1,,,Barak Valley Cements Ltd [100.0%],GEM GCCT (Plant-level_data_-_Global_Cement_and_Concrete_Tracker_-_July_2026_-_Standard_Copy_V1.xlsx)
P100000124103,Bhavya Cements Guntur Cement Plant,cement_plant,integrated; kilns: 1,,operating,16.654684,79.81512,exact,Andhra Pradesh,1.3,Mtpa clinker,1,,,Bhavya Cements Ltd [100.0%],GEM GCCT (Plant-level_data_-_Global_Cement_and_Concrete_Tracker_-_July_2026_-_Standard_Copy_V1.xlsx)
P100000124106,Amrit Cement East Jaintia Hills Cement Plant,cement_plant,integrated; kilns: 1,,operating,25.242787,92.345654,exact,Meghalaya,1.49,Mtpa clinker,1,,,Amrit Cement Ltd [100.0%],GEM GCCT (Plant-level_data_-_Global_Cement_and_Concrete_Tracker_-_July_2026_-_Standard_Copy_V1.xlsx)
P100000124107,DCM Shriram Kota Cement Plant,cement_plant,integrated; kilns: 1,,operating,25.134755,75.889485,exact,Rajasthan,0.34,Mtpa clinker,1,,,DCM Shriram Ltd [100.0%],GEM GCCT (Plant-level_data_-_Global_Cement_and_Concrete_Tracker_-_July_2026_-_Standard_Copy_V1.xlsx)
P100000124108,Deccan Cements Wadapally Cement Plant,cement_plant,integrated; kilns: 2,,operating,16.711862,79.711104,exact,Telangana,1.2,Mtpa clinker,1,,,Deccan Cements Ltd [100.0%],GEM GCCT (Plant-level_data_-_Global_Cement_and_Concrete_Tracker_-_July_2026_-_Standard_Copy_V1.xlsx)
P100000124109,Green Valliey Industries Chiehruphi Cement Plant,cement_plant,integrated; kilns: 1,,operating,25.240013,92.390906,exact,Meghalaya,0.56,Mtpa clinker,1,,,Green Valliey Industries Ltd [100.0%],GEM GCCT (Plant-level_data_-_Global_Cement_and_Concrete_Tracker_-_July_2026_-_Standard_Copy_V1.xlsx)
P100000124110,Saurashtra Cement Sutrapada Cement Plant,cement_plant,integrated; kilns: 1,,operating,20.867858,70.564701,exact,Gujarat,1.1,Mtpa clinker,1,,,Saurashtra Cement Ltd [100.0%],GEM GCCT (Plant-level_data_-_Global_Cement_and_Concrete_Tracker_-_July_2026_-_Standard_Copy_V1.xlsx)
P100000124111,Hills Cement East Jaintia Hills Cement Plant,cement_plant,integrated; kilns: 2,,operating,25.225076,92.388161,exact,Meghalaya,unknown,Mtpa clinker,1,,,Hills Cement Co Ltd [100.0%],GEM GCCT (Plant-level_data_-_Global_Cement_and_Concrete_Tracker_-_July_2026_-_Standard_Copy_V1.xlsx)
P100000124112,JUD Cements East Jaintia Hills Cement Plant,cement_plant,integrated; kilns: 1,,operating,25.192405,92.400015,exact,Meghalaya,unknown,Mtpa clinker,1,,,JUD Cements Ltd [100.0%],GEM GCCT (Plant-level_data_-_Global_Cement_and_Concrete_Tracker_-_July_2026_-_Standard_Copy_V1.xlsx)
P100000124113,Jammu & Kashmir Cements Khrew Cement Plant,cement_plant,integrated; kilns: 2,,operating,34.032635,75.015643,exact,Jammu and Kashmir,0.22,Mtpa clinker,1,,,Jammu & Kashmir Cements Ltd [100.0%],GEM GCCT (Plant-level_data_-_Global_Cement_and_Concrete_Tracker_-_July_2026_-_Standard_Copy_V1.xlsx)
P100000124114,Keerthi Industries Nalgonda Cement Plant,cement_plant,integrated; kilns: 1,,operating,16.798253,79.912905,exact,Telangana,0.58,Mtpa clinker,1,,,Keerthi Industries Ltd [100.0%],GEM GCCT (Plant-level_data_-_Global_Cement_and_Concrete_Tracker_-_July_2026_-_Standard_Copy_V1.xlsx)
P100000124117,Khyber Industries Khunmoh Cement Plant,cement_plant,integrated; kilns: 1,,operating,34.077497,74.975355,exact,Jammu and Kashmir,0.58,Mtpa clinker,1,,,Khyber Industries Pvt Ltd [100.0%],GEM GCCT (Plant-level_data_-_Global_Cement_and_Concrete_Tracker_-_July_2026_-_Standard_Copy_V1.xlsx)
P100000124118,Mangalam Cement Chonsala Cement Plant,cement_plant,integrated; kilns: 2,,operating,24.71512,75.953886,exact,Rajasthan,2.31,Mtpa clinker,1,,,Mangalam Cement Ltd [100.0%],GEM GCCT (Plant-level_data_-_Global_Cement_and_Concrete_Tracker_-_July_2026_-_Standard_Copy_V1.xlsx)
P100000124120,Meghalaya Cements Umbadoh Cement Plant,cement_plant,integrated; kilns: 1,,operating,25.204735,92.383684,exact,Meghalaya,1,Mtpa clinker,1,,,Meghalaya Cements Ltd [100.0%],GEM GCCT (Plant-level_data_-_Global_Cement_and_Concrete_Tracker_-_July_2026_-_Standard_Copy_V1.xlsx)
P100000124121,Panyam Cements & Mineral Industries Kurnool Cement Plant,cement_plant,integrated; kilns: 1,,operating,15.50002,78.210468,exact,Andhra Pradesh,1.11,Mtpa clinker,1,,,Panyam Cements & Mineral Industries Ltd [100.0%],GEM GCCT (Plant-level_data_-_Global_Cement_and_Concrete_Tracker_-_July_2026_-_Standard_Copy_V1.xlsx)
P100000124122,Parasakti Cement Industries Goli Cement Plant,cement_plant,integrated; kilns: 2,,operating,16.624455,79.502704,exact,Andhra Pradesh,1.2,Mtpa clinker,1,,,Parasakti Cement Industries Ltd [100.0%],GEM GCCT (Plant-level_data_-_Global_Cement_and_Concrete_Tracker_-_July_2026_-_Standard_Copy_V1.xlsx)
P100000124123,Prism Johnson Mankahari Cement Plant,cement_plant,integrated; kilns: 2,,operating,24.565681,81.000297,exact,Madhya Pradesh,3,Mtpa clinker,1,,,Prism Johnson Ltd [100.0%],GEM GCCT (Plant-level_data_-_Global_Cement_and_Concrete_Tracker_-_July_2026_-_Standard_Copy_V1.xlsx)
P100000124124,Sanghi Industries Hothiay Cement Plant,cement_plant,integrated; kilns: 2,,operating,23.49822,68.578098,exact,Gujarat,6.6,Mtpa clinker,1,,,Sanghi Industries Ltd [100.0%],GEM GCCT (Plant-level_data_-_Global_Cement_and_Concrete_Tracker_-_July_2026_-_Standard_Copy_V1.xlsx)
P100000124125,Saurashtra Cement Porbandar Cement Plant,cement_plant,integrated; kilns: 1,,operating,21.704422,69.719992,exact,Gujarat,1.64,Mtpa clinker,1,,,Saurashtra Cement Ltd [100.0%],GEM GCCT (Plant-level_data_-_Global_Cement_and_Concrete_Tracker_-_July_2026_-_Standard_Copy_V1.xlsx)
P100000124127,Sree Jayajothi Cements Yanakandla Cement Plant,cement_plant,integrated; kilns: 1,,operating,15.364101,78.219484,exact,Andhra Pradesh,2.2,Mtpa clinker,1,,,Sree Jayajothi Cements Pvt Ltd [100.0%],GEM GCCT (Plant-level_data_-_Global_Cement_and_Concrete_Tracker_-_July_2026_-_Standard_Copy_V1.xlsx)
P100000124128,Sri Chakra Cement Guntur Cement Plant,cement_plant,integrated; kilns: 1,,operating,16.380772,79.723973,exact,Andhra Pradesh,0.3,Mtpa clinker,1,,,Sri Chakra Cement Ltd [100.0%],GEM GCCT (Plant-level_data_-_Global_Cement_and_Concrete_Tracker_-_July_2026_-_Standard_Copy_V1.xlsx)
P100000124129,Sri Lalita Cement Industries Nalgonda Cement Plant,cement_plant,integrated; kilns: 1,,operating,16.734616,79.881588,exact,Telangana,2.19,Mtpa clinker,1,,,Sri Lalita Cement Industries Ltd [100.0%],GEM GCCT (Plant-level_data_-_Global_Cement_and_Concrete_Tracker_-_July_2026_-_Standard_Copy_V1.xlsx)
P100000124130,Star Cement East Jaintia Hills Cement Plant,cement_plant,integrated; kilns: 3,,operating,25.177887,92.390338,exact,Meghalaya,6.1,Mtpa clinker,1,,,Star Cement Ltd [100.0%],GEM GCCT (Plant-level_data_-_Global_Cement_and_Concrete_Tracker_-_July_2026_-_Standard_Copy_V1.xlsx)
P100000124131,Tamilnadu Cements Corporation Alangalum Cement Plant,cement_plant,integrated; kilns: 1,,operating,9.374599,77.678857,exact,Tamil Nadu,0.4,Mtpa clinker,1,,,Tamilnadu Cements Corporation Ltd [100.0%],GEM GCCT (Plant-level_data_-_Global_Cement_and_Concrete_Tracker_-_July_2026_-_Standard_Copy_V1.xlsx)
P100000124132,Tata Chemicals Mithapur Cement Plant,cement_plant,integrated; kilns: 1,,operating,22.400932,69.020015,exact,Gujarat,0.83,Mtpa clinker,1,,,Tata Chemicals Ltd [100.0%],GEM GCCT (Plant-level_data_-_Global_Cement_and_Concrete_Tracker_-_July_2026_-_Standard_Copy_V1.xlsx)
P100000124133,Toshali Cements Ampaballi Cement Plant,cement_plant,integrated; kilns: 1,,operating,18.407977,82.973488,exact,Odisha,0.33,Mtpa clinker,1,,,Toshali Cements Pvt Ltd [100.0%],GEM GCCT (Plant-level_data_-_Global_Cement_and_Concrete_Tracker_-_July_2026_-_Standard_Copy_V1.xlsx)
P100000124134,Udaipur Cement Works Udaipur Cement Plant,cement_plant,integrated; kilns: 2,,operating,24.657581,73.8752,exact,Rajasthan,3,Mtpa clinker,1,,,Udaipur Cement Works Ltd [100.0%],GEM GCCT (Plant-level_data_-_Global_Cement_and_Concrete_Tracker_-_July_2026_-_Standard_Copy_V1.xlsx)
P100000124135,Wonder Cement Phachar Aheeran Cement Plant,cement_plant,integrated; kilns: 5,,operating,24.661883,74.632446,exact,Rajasthan,13.8,Mtpa clinker,1,,,Wonder Cement Ltd [100.0%],GEM GCCT (Plant-level_data_-_Global_Cement_and_Concrete_Tracker_-_July_2026_-_Standard_Copy_V1.xlsx)
P100000124137,UltraTech Cement Vilemar Kundi Cement Plant,cement_plant,integrated; kilns: 1,,operating,24.44605,83.075826,exact,Uttar Pradesh,2.3,Mtpa clinker,1,,,UltraTech Cement Ltd [100.0%],GEM GCCT (Plant-level_data_-_Global_Cement_and_Concrete_Tracker_-_July_2026_-_Standard_Copy_V1.xlsx)
P100000124155,M/s Satguru Cement Jeerabad Cement Plant,cement_plant,integrated; kilns: 1,,operating,22.419728,75.069761,exact,Madhya Pradesh,0.15,Mtpa clinker,1,,,M/s Satguru Cement Pvt Ltd [100.0%],GEM GCCT (Plant-level_data_-_Global_Cement_and_Concrete_Tracker_-_July_2026_-_Standard_Copy_V1.xlsx)
P100000124506,Ambuja Cements Marwar Mundwa Cement Plant,cement_plant,integrated; kilns: 1,,operating,27.080518,73.817206,exact,Rajasthan,3,Mtpa clinker,1,,,Ambuja Cements Ltd [100.0%],GEM GCCT (Plant-level_data_-_Global_Cement_and_Concrete_Tracker_-_July_2026_-_Standard_Copy_V1.xlsx)
P100000124509,Chettinad Cement Corporation Dachepalli Cement Plant,cement_plant,integrated; kilns: 1,,operating,16.546133,79.757446,exact,Andhra Pradesh,unknown,Mtpa clinker,1,,,Chettinad Cement Corporation Pvt Ltd [100.0%],GEM GCCT (Plant-level_data_-_Global_Cement_and_Concrete_Tracker_-_July_2026_-_Standard_Copy_V1.xlsx)
P100000124511,Dalmia Banjari Cement Plant,cement_plant,integrated; kilns: 1,,operating,24.67038,83.989092,exact,Bihar,0.7,Mtpa clinker,1,,,Dalmia DSP Ltd [100.0%],GEM GCCT (Plant-level_data_-_Global_Cement_and_Concrete_Tracker_-_July_2026_-_Standard_Copy_V1.xlsx)
P100000124515,Hemadri Cements Jaggayyapet Mandal Cement Plant,cement_plant,integrated; kilns: 1,,operating,16.811331,80.14806,exact,Andhra Pradesh,0.66,Mtpa clinker,1,,,Hemadri Cements Ltd [100.0%],GEM GCCT (Plant-level_data_-_Global_Cement_and_Concrete_Tracker_-_July_2026_-_Standard_Copy_V1.xlsx)
P100000124518,Jindal Steel & Power Raigarh Cement Plant,cement_plant,integrated; kilns: 1,,operating,21.911097,83.338243,exact,Chhattisgarh,1.32,Mtpa clinker,1,,,Jindal Steel & Power Ltd [100.0%],GEM GCCT (Plant-level_data_-_Global_Cement_and_Concrete_Tracker_-_July_2026_-_Standard_Copy_V1.xlsx)
P100000124524,JK Cement Panna Cement Plant,cement_plant,integrated; kilns: 2,,operating,24.327843,79.964314,exact,Madhya Pradesh,6.6,Mtpa clinker,1,,,JK Cement Ltd [100.0%],GEM GCCT (Plant-level_data_-_Global_Cement_and_Concrete_Tracker_-_July_2026_-_Standard_Copy_V1.xlsx)
P100000124525,Kamdhenu Cement Sabhapur Cement Plant,cement_plant,integrated; kilns: 1,,operating,28.749911,77.24196,approximate,Delhi,unknown,Mtpa clinker,1,,,Kamdhenu Cement Ltd [100.0%],GEM GCCT (Plant-level_data_-_Global_Cement_and_Concrete_Tracker_-_July_2026_-_Standard_Copy_V1.xlsx)
P100000124534,Srikalahasthi Pipes Rachagunneri Cement Plant,cement_plant,integrated; kilns: 1,,operating,13.716239,79.627275,exact,Andhra Pradesh,unknown,Mtpa clinker,1,,,Srikalahasthi Pipes Ltd [100.0%],GEM GCCT (Plant-level_data_-_Global_Cement_and_Concrete_Tracker_-_July_2026_-_Standard_Copy_V1.xlsx)
P100000124535,Powercon Cement Chandauli Cement Plant,cement_plant,unknown; kilns: unknown,,operating,25.243225,83.072438,exact,Uttar Pradesh,unknown,Mtpa clinker,1,,,Powercon Cement Pvt Ltd [100.0%],GEM GCCT (Plant-level_data_-_Global_Cement_and_Concrete_Tracker_-_July_2026_-_Standard_Copy_V1.xlsx)
P100000124536,Purbanchal Cement Sarutari Cement Plant,cement_plant,integrated; kilns: 1,,operating,26.06127,91.883283,exact,Assam,0.49,Mtpa clinker,1,,,Purbanchal Cement Ltd [100.0%],GEM GCCT (Plant-level_data_-_Global_Cement_and_Concrete_Tracker_-_July_2026_-_Standard_Copy_V1.xlsx)
P100000124537,RCCPL Maihar Cement Plant,cement_plant,integrated; kilns: 1,,operating,24.169434,80.694219,exact,Madhya Pradesh,3.6,Mtpa clinker,1,,,RCCPL Pvt Ltd [100.0%],GEM GCCT (Plant-level_data_-_Global_Cement_and_Concrete_Tracker_-_July_2026_-_Standard_Copy_V1.xlsx)
P100000124538,RCCPL Mukutban Cement Plant,cement_plant,integrated; kilns: 1,,operating,19.800621,78.866069,exact,Maharashtra,2.9,Mtpa clinker,1,,,RCCPL Pvt Ltd [100.0%],GEM GCCT (Plant-level_data_-_Global_Cement_and_Concrete_Tracker_-_July_2026_-_Standard_Copy_V1.xlsx)
P100000124539,RNB Cements Umiam Cement Plant,cement_plant,integrated; kilns: 1,,operating,25.663833,91.911042,exact,Meghalaya,0.28,Mtpa clinker,1,,,RNB Cements Pvt Ltd [100.0%],GEM GCCT (Plant-level_data_-_Global_Cement_and_Concrete_Tracker_-_July_2026_-_Standard_Copy_V1.xlsx)
P100000124540,Sagar Cements Jeerabad Cement Plant,cement_plant,integrated; kilns: 1,,operating,22.386686,75.074987,exact,Madhya Pradesh,1,Mtpa clinker,1,,,Sagar Cements Ltd [100.0%],GEM GCCT (Plant-level_data_-_Global_Cement_and_Concrete_Tracker_-_July_2026_-_Standard_Copy_V1.xlsx)
P100000124541,Shiva Cement Kutra Cement Plant,cement_plant,clinker only; kilns: 1,,operating,22.228248,84.414682,exact,Odisha,1.4,Mtpa clinker,1,,,Shiva Cement Ltd [100.0%],GEM GCCT (Plant-level_data_-_Global_Cement_and_Concrete_Tracker_-_July_2026_-_Standard_Copy_V1.xlsx)
P100000124544,Shree Cement Nawalgarh Cement Plant,cement_plant,integrated; kilns: 1,,operating,27.792137,75.335504,exact,Rajasthan,3.8,Mtpa clinker,1,,,Shree Cement Ltd [100.0%],GEM GCCT (Plant-level_data_-_Global_Cement_and_Concrete_Tracker_-_July_2026_-_Standard_Copy_V1.xlsx)
P100000124628,Tamilnadu Cements Corporation Ariyalur 1 Cement Plant,cement_plant,integrated; kilns: 1,,operating,11.146109,79.098187,exact,Tamil Nadu,1.48,Mtpa clinker,1,,,Tamilnadu Cements Corporation Ltd [100.0%],GEM GCCT (Plant-level_data_-_Global_Cement_and_Concrete_Tracker_-_July_2026_-_Standard_Copy_V1.xlsx)
P100000124629,Tamilnadu Cements Corporation Ariyalur 2 Cement Plant,cement_plant,integrated; kilns: 1,,operating,11.146109,79.098187,exact,Tamil Nadu,0.54,Mtpa clinker,1,,,Tamilnadu Cements Corporation Ltd [100.0%],GEM GCCT (Plant-level_data_-_Global_Cement_and_Concrete_Tracker_-_July_2026_-_Standard_Copy_V1.xlsx)
P100000124632,Ramco Cements Kalavatala Cement Plant,cement_plant,integrated; kilns: 1,,operating,15.080142,78.13854,exact,Andhra Pradesh,2.5,Mtpa clinker,1,,,Ramco Cements Ltd [100.0%],GEM GCCT (Plant-level_data_-_Global_Cement_and_Concrete_Tracker_-_July_2026_-_Standard_Copy_V1.xlsx)
P100000124634,Trumboo Cement Industries Wuyan Cement Plant,cement_plant,integrated; kilns: 1,,operating,34.053687,74.974065,exact,Jammu and Kashmir,0.37,Mtpa clinker,1,,,Trumboo Cement Industries Pvt Ltd [100.0%],GEM GCCT (Plant-level_data_-_Global_Cement_and_Concrete_Tracker_-_July_2026_-_Standard_Copy_V1.xlsx)
P100000124637,UltraTech Cement Pali Cement Plant,cement_plant,integrated; kilns: 1,,operating,26.258739,74.094808,exact,Rajasthan,2.2,Mtpa clinker,1,,,UltraTech Cement Ltd [100.0%],GEM GCCT (Plant-level_data_-_Global_Cement_and_Concrete_Tracker_-_July_2026_-_Standard_Copy_V1.xlsx)
P100000124639,Vadraj Cement Kutch Cement Plant,cement_plant,clinker only; kilns: 1,,operating,23.417165,68.63249,exact,Gujarat,3.5,Mtpa clinker,1,,,Vadraj Cement Ltd [100.0%],GEM GCCT (Plant-level_data_-_Global_Cement_and_Concrete_Tracker_-_July_2026_-_Standard_Copy_V1.xlsx)
P100000125203,Vijay Cements Puthanampatti Cement Plant,cement_plant,integrated; kilns: 1,,operating,11.045572,78.708905,exact,Tamil Nadu,unknown,Mtpa clinker,1,,,Vijay Cements [100.0%],GEM GCCT (Plant-level_data_-_Global_Cement_and_Concrete_Tracker_-_July_2026_-_Standard_Copy_V1.xlsx)
P100000125204,Jeppiaar Cements Alathur Cement Plant,cement_plant,integrated; kilns: 1,,operating,11.187666,79.052698,exact,Tamil Nadu,unknown,Mtpa clinker,1,,,Jeppiaar Cements Pvt Ltd [100.0%],GEM GCCT (Plant-level_data_-_Global_Cement_and_Concrete_Tracker_-_July_2026_-_Standard_Copy_V1.xlsx)
P100000125215,Shree Cement Guntur Cement Plant,cement_plant,integrated; kilns: 1,,operating,16.519321,79.731654,exact,Andhra Pradesh,1.5,Mtpa clinker,1,,,Shree Cement Ltd [100.0%],GEM GCCT (Plant-level_data_-_Global_Cement_and_Concrete_Tracker_-_July_2026_-_Standard_Copy_V1.xlsx)
P100000126804,Dalmia Cement (Bharat) Umrangso Cement Plant,cement_plant,clinker only; kilns: 2,,operating,25.524835,92.79809,exact,Assam,3.6,Mtpa clinker,1,,,Dalmia Cement (Bharat) Ltd [100.0%],GEM GCCT (Plant-level_data_-_Global_Cement_and_Concrete_Tracker_-_July_2026_-_Standard_Copy_V1.xlsx)
P100000127202,Dhandapani Cements Thathamangalam Cement Plant,cement_plant,integrated; kilns: 1,,operating,10.945241,78.732379,exact,Tamil Nadu,unknown,Mtpa clinker,1,,,Dhandapani Cements Pvt Ltd [100.0%],GEM GCCT (Plant-level_data_-_Global_Cement_and_Concrete_Tracker_-_July_2026_-_Standard_Copy_V1.xlsx)
P100000127211,JSW Cement Nagaur 1 Cement Plant,cement_plant,integrated; kilns: 1,,operating,27.29307,73.845516,approximate,Rajasthan,3.3,Mtpa clinker,1,,,JSW Cement Ltd [100.0%],GEM GCCT (Plant-level_data_-_Global_Cement_and_Concrete_Tracker_-_July_2026_-_Standard_Copy_V1.xlsx)
P100000127509,Shiva Cement Sundergarh Cement Plant,cement_plant,integrated; kilns: 1,,operating,22.228135,84.415056,exact,Odisha,1.05,Mtpa clinker,1,,,Shiva Cement Ltd [100.0%],GEM GCCT (Plant-level_data_-_Global_Cement_and_Concrete_Tracker_-_July_2026_-_Standard_Copy_V1.xlsx)
P100000140546,Nagarjuna Fertilizers & Chemicals Kakinada Ammonia Plant,chemical_plant,ammonia,natural gas,not tracked by GEM,16.976996,82.266467,exact,Andhra Pradesh,,,1,,,Nagarjuna Fertilizers & Chemicals Limited [100%],GEM Chemicals Inventory (Plant-level_data_-_Global_Chemicals_Inventory_-_November_2025_V2.xlsx)
P100000140547,HPCL Visakhapatnam Chemical Plant,chemical_plant,propylene,crude oil; natural gas,not tracked by GEM,17.695293,83.250534,exact,Andhra Pradesh,,,1,,,Hindustan Petroleum Corporation Ltd [100%],GEM Chemicals Inventory (Plant-level_data_-_Global_Chemicals_Inventory_-_November_2025_V2.xlsx)
P100000140548,BCPL Lepetkata Chemical Plant,chemical_plant,ethylene; propylene,naphtha; natural gas,not tracked by GEM,27.367977,94.888719,exact,Assam,,,1,,,Brahmaputra Cracker and Polymer Limited [100%],GEM Chemicals Inventory (Plant-level_data_-_Global_Chemicals_Inventory_-_November_2025_V2.xlsx)
P100000140549,Brahmaputra Valley Fertilizer Namrup Ammonia Plant,chemical_plant,ammonia,natural gas,not tracked by GEM,27.17985,95.352268,exact,Assam,,,1,,,Brahmaputra Valley Fertilizer Corporation Ltd [100%],GEM Chemicals Inventory (Plant-level_data_-_Global_Chemicals_Inventory_-_November_2025_V2.xlsx)
P100000140550,Assam Petrochemicals Namrup Methanol Plant,chemical_plant,methanol,natural gas,not tracked by GEM,27.189822,95.372047,exact,Assam,,,1,,,Assam Petro-Chemicals Limited [100%],GEM Chemicals Inventory (Plant-level_data_-_Global_Chemicals_Inventory_-_November_2025_V2.xlsx)
P100000140551,Hindustan Urvarak & Rasayan Barauni Ammonia Plant,chemical_plant,ammonia,natural gas,not tracked by GEM,25.414225,86.029093,exact,Bihar,,,1,,,Hindustan Urvarak & Rasayan Ltd [100%],GEM Chemicals Inventory (Plant-level_data_-_Global_Chemicals_Inventory_-_November_2025_V2.xlsx)
P100000140552,GNFC Bharuch Chemical Plant,chemical_plant,ammonia; methanol,fuel oil,not tracked by GEM,21.742571,73.010277,exact,Gujarat,,,1,,,Gujarat Narmada Valley Fertilizers & Chemicals Limited [100%],GEM Chemicals Inventory (Plant-level_data_-_Global_Chemicals_Inventory_-_November_2025_V2.xlsx)
P100000140553,Reliance Dahej Chemical Plant,chemical_plant,ethylene; propylene,ethane; propane,not tracked by GEM,21.692313,72.573313,exact,Gujarat,,,1,,,Reliance Industries Limited [100%],GEM Chemicals Inventory (Plant-level_data_-_Global_Chemicals_Inventory_-_November_2025_V2.xlsx)
P100000140554,ONGC Petro Dahej Chemical Plant,chemical_plant,ethylene; propylene; butadiene; benzene,butane; ethane; liquid petroleum gas (LPG); naphtha; natural gas; propane,not tracked by GEM,21.674364,72.543692,exact,Gujarat,,,1,,,ONGC Petro Additions Limited [100%],GEM Chemicals Inventory (Plant-level_data_-_Global_Chemicals_Inventory_-_November_2025_V2.xlsx)
P100000140555,KRIBHCO Hazira Ammonia Plant,chemical_plant,ammonia,natural gas,not tracked by GEM,21.168465,72.705839,exact,Gujarat,,,1,,,Krishak Bharati Cooperative Limited [100%],GEM Chemicals Inventory (Plant-level_data_-_Global_Chemicals_Inventory_-_November_2025_V2.xlsx)
P100000140556,Reliance Hazira Chemical Plant,chemical_plant,butadiene; benzene; toluene,ethylene; naphtha; propylene,not tracked by GEM,21.169938,72.673938,exact,Gujarat,,,1,,,Reliance Industries Limited [100%],GEM Chemicals Inventory (Plant-level_data_-_Global_Chemicals_Inventory_-_November_2025_V2.xlsx)
P100000140557,Reliance Jamnagar Chemical Plant,chemical_plant,ethylene,ethane; naphtha,not tracked by GEM,22.334148,69.84961,exact,Gujarat,,,1,,,Reliance Industries Limited [100%],GEM Chemicals Inventory (Plant-level_data_-_Global_Chemicals_Inventory_-_November_2025_V2.xlsx)
P100000140558,Indian Farmers Fertiliser Cooperative Kalol Ammonia Plant,chemical_plant,ammonia,naphtha; natural gas,not tracked by GEM,23.208436,72.525896,exact,Gujarat,,,1,,,Indian Farmers Fertiliser Co-Operative Ltd [100%],GEM Chemicals Inventory (Plant-level_data_-_Global_Chemicals_Inventory_-_November_2025_V2.xlsx)
P100000140559,Gujarat State Fertilizers and Chemicals Vadodara Chemical Plant,chemical_plant,ammonia; methanol,naphtha; natural gas,not tracked by GEM,22.375142,73.153315,exact,Gujarat,,,1,,,Gujarat State Fertilizers and Chemicals Limited [100%],GEM Chemicals Inventory (Plant-level_data_-_Global_Chemicals_Inventory_-_November_2025_V2.xlsx)
P100000140560,Reliance Vadodara Chemical Plant,chemical_plant,ethylene; propylene; butadiene; benzene; toluene; xylene,hydrogen; methanol; naphtha,not tracked by GEM,22.373467,73.106356,exact,Gujarat,,,1,,,Reliance Industries Limited [100%],GEM Chemicals Inventory (Plant-level_data_-_Global_Chemicals_Inventory_-_November_2025_V2.xlsx)
P100000140561,National Fertilizers Panipat Ammonia Plant,chemical_plant,ammonia,coal; natural gas,not tracked by GEM,29.358749,76.957661,exact,Haryana,,,1,,,National Fertilizers Ltd [100%],GEM Chemicals Inventory (Plant-level_data_-_Global_Chemicals_Inventory_-_November_2025_V2.xlsx)
P100000140562,Indian Oil Panipat Chemical Plant,chemical_plant,ethylene; propylene; butadiene; benzene,naphtha,not tracked by GEM,29.453121,76.861987,exact,Haryana,,,1,,,Indian Oil Corporation Ltd [100%],GEM Chemicals Inventory (Plant-level_data_-_Global_Chemicals_Inventory_-_November_2025_V2.xlsx)
P100000140563,Hindustan Urvarak & Rasayan Sindri Ammonia Plant,chemical_plant,ammonia,natural gas,not tracked by GEM,23.660262,86.494886,exact,Jharkhand,,,1,,,Hindustan Urvarak & Rasayan Ltd [100%],GEM Chemicals Inventory (Plant-level_data_-_Global_Chemicals_Inventory_-_November_2025_V2.xlsx)
P100000140564,OMPL Mangaluru Chemical Plant,chemical_plant,benzene; xylene,naphtha,not tracked by GEM,12.995435,74.860568,exact,Karnataka,,,1,,,ONGC Mangalore Petrochemicals Limited [100%],GEM Chemicals Inventory (Plant-level_data_-_Global_Chemicals_Inventory_-_November_2025_V2.xlsx)
P100000140565,MRPL Mangaluru Chemical Plant,chemical_plant,propylene; benzene; xylene,heavy fuel oil; vacuum gas oil,not tracked by GEM,12.993447,74.864304,exact,Karnataka,,,1,,,Mangalore Refinery and Petrochemicals Limited [100%],GEM Chemicals Inventory (Plant-level_data_-_Global_Chemicals_Inventory_-_November_2025_V2.xlsx)
P100000140566,HOCL Kochi Chemical Plant,chemical_plant,propylene,liquid petroleum gas (LPG),not tracked by GEM,9.965318,76.383388,exact,Kerala,,,1,,,Hindustan Organic Chemicals Ltd [100%],GEM Chemicals Inventory (Plant-level_data_-_Global_Chemicals_Inventory_-_November_2025_V2.xlsx)
P100000140567,BPCL Kochi Chemical Plant,chemical_plant,propylene; benzene; toluene,naphtha,not tracked by GEM,9.965317,76.379019,exact,Kerala,,,1,,,Bharat Petroleum Corporation Limited,GEM Chemicals Inventory (Plant-level_data_-_Global_Chemicals_Inventory_-_November_2025_V2.xlsx)
P100000140568,FACT Udyogamandal Ammonia Plant,chemical_plant,ammonia,liquefied natural gas (LNG); naphtha,not tracked by GEM,10.071174,76.297112,exact,Kerala,,,1,,,Fertilisers and Chemicals Travancore Limited [100%],GEM Chemicals Inventory (Plant-level_data_-_Global_Chemicals_Inventory_-_November_2025_V2.xlsx)
P100000140569,National Fertilizers Vijaipur Ammonia Plant,chemical_plant,ammonia,naphtha; natural gas,not tracked by GEM,24.498486,77.152792,exact,Madhya Pradesh,,,1,,,National Fertilizers Ltd [100%],GEM Chemicals Inventory (Plant-level_data_-_Global_Chemicals_Inventory_-_November_2025_V2.xlsx)
P100000140570,BPCL Mumbai Chemical Plant,chemical_plant,propylene; benzene; toluene,naphtha,not tracked by GEM,19.017064,72.901303,exact,Maharashtra,,,1,,,Bharat Petroleum Corporation Limited [100%],GEM Chemicals Inventory (Plant-level_data_-_Global_Chemicals_Inventory_-_November_2025_V2.xlsx)
P100000140571,Reliance Nagothane Chemical Plant,chemical_plant,ethylene,ethane; propane,not tracked by GEM,18.553716,73.110678,exact,Maharashtra,,,1,,,Reliance Industries Limited [100%],GEM Chemicals Inventory (Plant-level_data_-_Global_Chemicals_Inventory_-_November_2025_V2.xlsx)
P100000140572,Deepak Fertilisers and Petrochemicals Taloja Chemical Plant,chemical_plant,ammonia; methanol,liquefied natural gas (LNG); natural gas,not tracked by GEM,19.06798,73.134285,exact,Maharashtra,,,1,,,Deepak Fertilisers and Petrochemicals Limited [100%],GEM Chemicals Inventory (Plant-level_data_-_Global_Chemicals_Inventory_-_November_2025_V2.xlsx)
P100000140573,Rashtriya Chemicals and Fertilizers Limited Thal Ammonia Plant,chemical_plant,ammonia,acetic acid; methanol; natural gas; sulfuric acid,not tracked by GEM,18.70266,72.871559,exact,Maharashtra,,,1,,,Rashtriya Chemicals and Fertilizers Limited [100%],GEM Chemicals Inventory (Plant-level_data_-_Global_Chemicals_Inventory_-_November_2025_V2.xlsx)
P100000140574,Rashtriya Chemicals and Fertilizers Limited Trombay Chemical Plant,chemical_plant,ammonia; methanol,liquefied natural gas (LNG),not tracked by GEM,19.041043,72.886901,exact,Maharashtra,,,1,,,Rashtriya Chemicals and Fertilizers Limited [100%],GEM Chemicals Inventory (Plant-level_data_-_Global_Chemicals_Inventory_-_November_2025_V2.xlsx)
P100000140575,National Fertilizers Bathinda Ammonia Plant,chemical_plant,ammonia,coal; natural gas,not tracked by GEM,30.25039,74.916361,exact,Punjab,,,1,,,National Fertilizers Ltd [100%],GEM Chemicals Inventory (Plant-level_data_-_Global_Chemicals_Inventory_-_November_2025_V2.xlsx)
P100000140576,HMEL Bathinda Chemical Plant,chemical_plant,ethylene; propylene; benzene,naphtha,not tracked by GEM,29.928273,74.948007,approximate,Punjab,,,1,,,HPCL-Mittal Energy Limited [100%],GEM Chemicals Inventory (Plant-level_data_-_Global_Chemicals_Inventory_-_November_2025_V2.xlsx)
P100000140577,National Fertilizers Nangal Ammonia Plant,chemical_plant,ammonia,coal; natural gas,not tracked by GEM,31.370983,76.356751,exact,Punjab,,,1,,,National Fertilizers Ltd [100%],GEM Chemicals Inventory (Plant-level_data_-_Global_Chemicals_Inventory_-_November_2025_V2.xlsx)
P100000140578,ACME Bikaner Green Ammonia Plant,chemical_plant,ammonia,green hydrogen,not tracked by GEM,28.185231,73.240179,exact,Rajasthan,,,1,,,ACME Cleantech Solutions Pvt Ltd [100%],GEM Chemicals Inventory (Plant-level_data_-_Global_Chemicals_Inventory_-_November_2025_V2.xlsx)
P100000140579,Chambal Fertilisers and Chemicals Gadepan Ammonia Plant,chemical_plant,ammonia,natural gas,not tracked by GEM,25.152596,76.181562,exact,Rajasthan,,,1,,,Chambal Fertilisers and Chemicals Limited [100%],GEM Chemicals Inventory (Plant-level_data_-_Global_Chemicals_Inventory_-_November_2025_V2.xlsx)
P100000140580,HRRL Pachpadra Chemical Plant,chemical_plant,ethylene; propylene; butadiene; benzene; toluene; xylene,crude oil; natural gas,not tracked by GEM,25.953728,72.194723,exact,Rajasthan,,,1,,,HPCL Rajasthan Refinery Limited [100%],GEM Chemicals Inventory (Plant-level_data_-_Global_Chemicals_Inventory_-_November_2025_V2.xlsx)
P100000140581,Madras Fertilizers Manali Ammonia Plant,chemical_plant,ammonia,natural gas,not tracked by GEM,13.172731,80.266963,exact,Tamil Nadu,,,1,,,Madras Fertilizers Limited [100%],GEM Chemicals Inventory (Plant-level_data_-_Global_Chemicals_Inventory_-_November_2025_V2.xlsx)
P100000140582,Chennai Petroleum Corporation Manali Chemical Plant,chemical_plant,propylene; benzene,naphtha,not tracked by GEM,13.16024,80.273974,exact,Tamil Nadu,,,1,,,Chennai Petroleum Corporation Limited [100%],GEM Chemicals Inventory (Plant-level_data_-_Global_Chemicals_Inventory_-_November_2025_V2.xlsx)
P100000140583,Ramagundam Fertilizers and Chemicals Ramagundam Ammonia Plant,chemical_plant,ammonia,natural gas,not tracked by GEM,18.721802,79.512178,exact,Telangana,,,1,,,Ramagundam Fertilizers and Chemicals Limited [100%],GEM Chemicals Inventory (Plant-level_data_-_Global_Chemicals_Inventory_-_November_2025_V2.xlsx)
P100000140584,Indian Farmers Fertiliser Cooperative Aonla Ammonia Plant,chemical_plant,ammonia,natural gas,not tracked by GEM,28.226189,79.246357,exact,Uttar Pradesh,,,1,,,Indian Farmers Fertiliser Co-operative Ltd [100%],GEM Chemicals Inventory (Plant-level_data_-_Global_Chemicals_Inventory_-_November_2025_V2.xlsx)
P100000140585,YARA Fertilizer Babrala Ammonia Plant,chemical_plant,ammonia,natural gas,not tracked by GEM,28.288625,78.423922,exact,Uttar Pradesh,,,1,,,Yara Fertilisers India Pvt Ltd [100%],GEM Chemicals Inventory (Plant-level_data_-_Global_Chemicals_Inventory_-_November_2025_V2.xlsx)
P100000140586,Hindustan Urvarak & Rasayan Gorakhpur Ammonia Plant,chemical_plant,ammonia,natural gas,not tracked by GEM,26.822248,83.362951,exact,Uttar Pradesh,,,1,,,Hindustan Urvarak & Rasayan Ltd [100%],GEM Chemicals Inventory (Plant-level_data_-_Global_Chemicals_Inventory_-_November_2025_V2.xlsx)
P100000140587,Indorama Jagdishpur Ammonia Plant,chemical_plant,ammonia,natural gas,not tracked by GEM,26.479649,81.559097,exact,Uttar Pradesh,,,1,,,Indorama India Private Limited [100%],GEM Chemicals Inventory (Plant-level_data_-_Global_Chemicals_Inventory_-_November_2025_V2.xlsx)
P100000140588,GAIL Pata Chemical Plant,chemical_plant,ethylene; propylene,ethane; propane,not tracked by GEM,26.647096,79.487234,exact,Uttar Pradesh,,,1,,,Gas Authority of India Limited [100%],GEM Chemicals Inventory (Plant-level_data_-_Global_Chemicals_Inventory_-_November_2025_V2.xlsx)
P100000140589,Indian Oil Mathura Chemical Plant,chemical_plant,propylene,liquid petroleum gas (LPG),not tracked by GEM,27.376929,77.684815,approximate,Uttar Pradesh,,,1,,,Indian Oil Corporation Ltd [100%],GEM Chemicals Inventory (Plant-level_data_-_Global_Chemicals_Inventory_-_November_2025_V2.xlsx)
P100000140590,Indian Farmers Fertiliser Cooperative Phulphur Ammonia Plant,chemical_plant,ammonia,coal; liquefied natural gas (LNG),not tracked by GEM,25.54141,82.046597,exact,Uttar Pradesh,,,1,,,Indian Farmers Fertiliser Co-operative Ltd [100%],GEM Chemicals Inventory (Plant-level_data_-_Global_Chemicals_Inventory_-_November_2025_V2.xlsx)
P100000140591,KRIBHCO Fertilizers Shahjahanpur Ammonia Plant,chemical_plant,ammonia,natural gas,not tracked by GEM,27.832391,79.825952,exact,Uttar Pradesh,,,1,,,KRIBHCO Fertilizers Ltd [100%],GEM Chemicals Inventory (Plant-level_data_-_Global_Chemicals_Inventory_-_November_2025_V2.xlsx)
P100000140592,Haldia Petrochemical Haldia Chemical Plant,chemical_plant,ethylene; propylene; butadiene; benzene,naphtha,not tracked by GEM,22.062919,88.106733,exact,West Bengal,,,1,,,Haldia Petrochemicals Ltd [100%],GEM Chemicals Inventory (Plant-level_data_-_Global_Chemicals_Inventory_-_November_2025_V2.xlsx)
P100000140593,Matix Fertilisers & Chemicals Panagarh Ammonia Plant,chemical_plant,ammonia,coal bed methane; naphtha; natural gas; propane,not tracked by GEM,23.442695,87.491649,exact,West Bengal,,,1,,,Matix Fertilisers & Chemicals [100%],GEM Chemicals Inventory (Plant-level_data_-_Global_Chemicals_Inventory_-_November_2025_V2.xlsx)
P100001045296,Action Ispat and Power Jharsuguda steel plant,steel_plant,DRI; IF; Steel other/unspecified,,operating,21.839759,83.982227,exact,Odisha,375.0,ttpa crude steel,1,,,Action Ispat and Power Pvt Ltd,GEM GIST (Plant-level_data_Global_Iron_and_Steel_Tracker_June_2026_V1.xlsx)
P100001025815,Adhunik Metaliks Kuanrmunda steel plant,steel_plant,BF; DRI; EAF,,operating,22.308371,84.763584,exact,Odisha,500.0,ttpa crude steel,1,,,Adhunik Metaliks Ltd,GEM GIST (Plant-level_data_Global_Iron_and_Steel_Tracker_June_2026_V1.xlsx)
P100000120513,ArcelorMittal Nippon Steel Hazira plant,steel_plant,BF; DRI; EAF; Iron other/unspecified; Steel other/unspecified; BOF,,operating,21.112377,72.647304,exact,Gujarat,9600.0,ttpa crude steel,1,,,ArcelorMittal Nippon Steel India Ltd,GEM GIST (Plant-level_data_Global_Iron_and_Steel_Tracker_June_2026_V1.xlsx)
P100000120568,Arjas Steel Tadipatri plant,steel_plant,BF; BOF,,operating,14.873471,78.048425,exact,Andhra Pradesh,1005.0,ttpa crude steel,1,,,Arjas Steel Pvt Ltd,GEM GIST (Plant-level_data_Global_Iron_and_Steel_Tracker_June_2026_V1.xlsx)
P100000120564,Atibir Industries Bhorandiha steel plant,steel_plant,BF; BOF,,operating,24.145239,86.334999,exact,Jharkhand,0.0,ttpa crude steel,1,,,Atibir Industries Co Ltd,GEM GIST (Plant-level_data_Global_Iron_and_Steel_Tracker_June_2026_V1.xlsx)
P100000120512,BMM Ispat Danapur steel plant,steel_plant,BF; BOF; DRI; EAF; IF,,operating,15.16972,76.37971,exact,Karnataka,2208.0,ttpa crude steel,1,,,BMM Ispat Ltd,GEM GIST (Plant-level_data_Global_Iron_and_Steel_Tracker_June_2026_V1.xlsx)
P100001082544,Captain Steel Debipur steel plant,steel_plant,IF,,operating,23.782149607591688,86.83591234561024,exact,West Bengal,208.0,ttpa crude steel,1,,,Captain Steel India Ltd,GEM GIST (Plant-level_data_Global_Iron_and_Steel_Tracker_June_2026_V1.xlsx)
P100001045282,Crest Steel and Power Mangatta steel plant,steel_plant,DRI; IF; BF; EAF,,operating,21.190313,81.19922,exact,Chhattisgarh,96.0,ttpa crude steel,1,,,Crest Steel and Power Pvt Ltd,GEM GIST (Plant-level_data_Global_Iron_and_Steel_Tracker_June_2026_V1.xlsx)
P100000120534,Electrosteel Bokaro steel plant,steel_plant,BF; BOF; Steel other/unspecified,,operating,23.632907,86.293671,exact,Jharkhand,1500.0,ttpa crude steel,1,,,ESL Steel Ltd,GEM GIST (Plant-level_data_Global_Iron_and_Steel_Tracker_June_2026_V1.xlsx)
P100000121207,Electrosteel Castings Srikalahasthi steel plant,steel_plant,BF; IF,,operating; operating pre-retirement,13.717188,79.630588,exact,Andhra Pradesh,0.0,ttpa crude steel,2,,,Electrosteel Castings Ltd,GEM GIST (Plant-level_data_Global_Iron_and_Steel_Tracker_June_2026_V1.xlsx)
P100000121195,Evonith Metallics Wardha steel plant,steel_plant,BF; BOF,,operating,20.704605,78.620293,exact,Maharashtra,0.0,ttpa crude steel,1,,,Evonith Metallics Ltd,GEM GIST (Plant-level_data_Global_Iron_and_Steel_Tracker_June_2026_V1.xlsx)
P100000121236,Evonith Value Steel Wardha steel plant,steel_plant,EAF,,operating,20.696412,78.638548,exact,Maharashtra,1080.0,ttpa crude steel,1,,,Evonith Metallics Ltd,GEM GIST (Plant-level_data_Global_Iron_and_Steel_Tracker_June_2026_V1.xlsx)
P100001045317,Gallantt Ispat Gorakhpur steel plant,steel_plant,DRI; IF,,operating,26.757009,83.199086,exact,Uttar Pradesh,528.0,ttpa crude steel,1,,,Gallantt Ispat Ltd,GEM GIST (Plant-level_data_Global_Iron_and_Steel_Tracker_June_2026_V1.xlsx)
P100000120557,Godawari Power and Ispat Siltara steel plant,steel_plant,BF; DRI; IF,,operating,21.376214,81.681888,exact,Chhattisgarh,659.0,ttpa crude steel,1,,,Godawari Power and Ispat Ltd,GEM GIST (Plant-level_data_Global_Iron_and_Steel_Tracker_June_2026_V1.xlsx)
P100000120552,Hospet Steels Hospet plant,steel_plant,BF; BOF; EAF; IF; DRI,,operating,15.339055,76.251696,exact,Karnataka,650.0,ttpa crude steel,1,,,Hospet Steels Ltd,GEM GIST (Plant-level_data_Global_Iron_and_Steel_Tracker_June_2026_V1.xlsx)
P100000120560,Jai Balaji Durgapur Unit IV steel plant,steel_plant,BF; DRI; IF; EAF,,operating,23.483075,87.352189,exact,West Bengal,295.0,ttpa crude steel,1,,,Jai Balaji Industries Ltd,GEM GIST (Plant-level_data_Global_Iron_and_Steel_Tracker_June_2026_V1.xlsx)
P100000120562,Jai Balaji Jyoti Steels Sundargarh plant,steel_plant,DRI; IF; EAF,,operating,22.085338,84.86184,exact,Odisha,92.0,ttpa crude steel,1,,,Jai Balaji Jyoti Steels Ltd,GEM GIST (Plant-level_data_Global_Iron_and_Steel_Tracker_June_2026_V1.xlsx)
P100001025922,Jai Balaji Rajbandh Unit III steel plant,steel_plant,BF; EAF,,operating,23.487439,87.369494,exact,West Bengal,0.0,ttpa crude steel,1,,,Jai Balaji Industries Ltd,GEM GIST (Plant-level_data_Global_Iron_and_Steel_Tracker_June_2026_V1.xlsx)
P100000120547,Jayaswal Neco Industries Raipur steel plant,steel_plant,BF; DRI; EAF,,operating,21.354495,81.676444,exact,Chhattisgarh,1200.0,ttpa crude steel,1,,,Jayaswal Neco Industries Ltd,GEM GIST (Plant-level_data_Global_Iron_and_Steel_Tracker_June_2026_V1.xlsx)
P100000120544,Jindal Stainless Hisar steel plant,steel_plant,EAF,,operating,29.127253,75.773075,exact,Haryana,800.0,ttpa crude steel,1,,,Jindal Stainless Ltd,GEM GIST (Plant-level_data_Global_Iron_and_Steel_Tracker_June_2026_V1.xlsx)
P100000120543,Jindal Stainless Jajpur steel plant,steel_plant,BF; EAF; IF,,operating,20.954939,86.051986,exact,Odisha,2200.0,ttpa crude steel,1,,,Jindal Stainless Ltd,GEM GIST (Plant-level_data_Global_Iron_and_Steel_Tracker_June_2026_V1.xlsx)
P100000120515,Jindal Steel Angul steel plant,steel_plant,BF; BOF; DRI; EAF,,operating,20.884896,84.991539,exact,Odisha,6000.0,ttpa crude steel,1,,,Jindal Steel Limited Ltd,GEM GIST (Plant-level_data_Global_Iron_and_Steel_Tracker_June_2026_V1.xlsx)
P100000120516,Jindal Steel Raigarh steel plant,steel_plant,BF; DRI; EAF; BOF,,operating,21.922703,83.347178,exact,Chhattisgarh,3600.0,ttpa crude steel,1,,,Jindal Steel Limited Ltd,GEM GIST (Plant-level_data_Global_Iron_and_Steel_Tracker_June_2026_V1.xlsx)
P100001044907,JSOL Angul steel plant,steel_plant,BF; BOF; DRI; EAF,,operating,20.874713,84.944082,exact,Odisha,6300.0,ttpa crude steel,1,,,Jindal Steel Odisha Ltd,GEM GIST (Plant-level_data_Global_Iron_and_Steel_Tracker_June_2026_V1.xlsx)
P100000120510,JSW BPSL Jharsuguda steel plant,steel_plant,BF; DRI; EAF; Steel other/unspecified,,operating,21.763989,84.022529,exact,Odisha,5000.0,ttpa crude steel,1,,,JSW Steel Ltd,GEM GIST (Plant-level_data_Global_Iron_and_Steel_Tracker_June_2026_V1.xlsx)
P100000120570,JSW Green Steel Salav plant,steel_plant,DRI; EAF; Iron other/unspecified,,operating,18.530853,72.947091,exact,Maharashtra,0.0,ttpa crude steel,1,,,JSW Green Steel Ltd,GEM GIST (Plant-level_data_Global_Iron_and_Steel_Tracker_June_2026_V1.xlsx)
P100000120517,JSW Steel Dolvi steel plant,steel_plant,BF; BOF; DRI; Steel other/unspecified,,operating,18.690312,73.035902,exact,Maharashtra,10200.0,ttpa crude steel,1,,,JSW Steel Ltd,GEM GIST (Plant-level_data_Global_Iron_and_Steel_Tracker_June_2026_V1.xlsx)
P100000120536,JSW Steel Raigarh steel plant,steel_plant,BF; DRI; EAF,,operating,21.983709,83.238133,exact,Chhattisgarh,950.0,ttpa crude steel,1,,,JSW Ispat Special Products Ltd,GEM GIST (Plant-level_data_Global_Iron_and_Steel_Tracker_June_2026_V1.xlsx)
P100000120518,JSW Steel Salem steel plant,steel_plant,BF; BOF,,operating,11.814912,77.918465,exact,Tamil Nadu,1260.0,ttpa crude steel,1,,,JSW Steel Ltd,GEM GIST (Plant-level_data_Global_Iron_and_Steel_Tracker_June_2026_V1.xlsx)
P100000120519,JSW Steel Vijayanagar steel plant,steel_plant,BF; BOF; DRI; EAF; Iron other/unspecified; Steel other/unspecified,,operating; operating pre-retirement,15.180423,76.663134,exact,Karnataka,11899.0,ttpa crude steel,2,,,JSW Steel Ltd,GEM GIST (Plant-level_data_Global_Iron_and_Steel_Tracker_June_2026_V1.xlsx)
P100000120538,JSW Vijayanagar Metallics steel plant,steel_plant,BF; BOF,,operating,15.203176,76.659122,approximate,Karnataka,5000.0,ttpa crude steel,1,,,JSW Vijayanagar Metallics Ltd,GEM GIST (Plant-level_data_Global_Iron_and_Steel_Tracker_June_2026_V1.xlsx)
P100001045284,KIC Metaliks Durgapur steel plant,steel_plant,BF; DRI; EAF; IF,,operating,23.507539,87.277914,exact,West Bengal,0.0,ttpa crude steel,1,,,KIC Metaliks Ltd,GEM GIST (Plant-level_data_Global_Iron_and_Steel_Tracker_June_2026_V1.xlsx)
P100000120522,Lloyds Metals and Energy Ltd Ghugus steel plant,steel_plant,DRI; BF; EAF; Steel other/unspecified; IF,,operating,19.929837,79.119344,exact,Maharashtra,0.0,ttpa crude steel,1,,,Lloyds Metals and Energy Ltd,GEM GIST (Plant-level_data_Global_Iron_and_Steel_Tracker_June_2026_V1.xlsx)
P100000121179,Lloyds Metals and Energy Ltd Konsari steel plant,steel_plant,DRI; BF; BOF,,operating,19.770409,79.813599,exact,Maharashtra,0.0,ttpa crude steel,1,,,Lloyds Metals and Energy Ltd,GEM GIST (Plant-level_data_Global_Iron_and_Steel_Tracker_June_2026_V1.xlsx)
P100000120559,Mesco Steel Kalinganagar plant,steel_plant,BF; BOF,,operating,20.976277,86.044419,exact,Odisha,1200.0,ttpa crude steel,1,,,Mesco Kalinga Steel Ltd,GEM GIST (Plant-level_data_Global_Iron_and_Steel_Tracker_June_2026_V1.xlsx)
P100000121239,Mono Steel Gandhidham plant,steel_plant,BF; DRI; IF,,operating,23.312265,70.201953,exact,Gujarat,770.0,ttpa crude steel,1,,,Mono Steel (India) Ltd,GEM GIST (Plant-level_data_Global_Iron_and_Steel_Tracker_June_2026_V1.xlsx)
P100000120567,MSP Steel & Power Raigarh plant,steel_plant,DRI; IF; BF,,operating,21.87673,83.554495,exact,Chhattisgarh,385.0,ttpa crude steel,1,,,MSP Steel & Power Ltd,GEM GIST (Plant-level_data_Global_Iron_and_Steel_Tracker_June_2026_V1.xlsx)
P100001062087,Mukand Sumi Special Steel Hospet steel plant,steel_plant,BF; Steel other/unspecified,,operating,15.328976,76.258613,exact,Karnataka,450.0,ttpa crude steel,1,,,Mukand Sumi Special Steel Ltd,GEM GIST (Plant-level_data_Global_Iron_and_Steel_Tracker_June_2026_V1.xlsx)
P100001025672,N R Ispat and Power Raigarh steel plant,steel_plant,DRI; IF,,operating,22.013086,83.330372,exact,Chhattisgarh,297.0,ttpa crude steel,1,,,NR Ispat and Power Pvt Ltd,GEM GIST (Plant-level_data_Global_Iron_and_Steel_Tracker_June_2026_V1.xlsx)
P100000120540,Neelachal Ispat Nigam steel plant,steel_plant,BF; BOF,,operating,20.998641,86.019102,exact,Odisha,1100.0,ttpa crude steel,1,,,Neelachal Ispat Nigam Ltd,GEM GIST (Plant-level_data_Global_Iron_and_Steel_Tracker_June_2026_V1.xlsx)
P100000121165,Nilachal Iron & Power Gamharia steel plant,steel_plant,DRI; IF,,operating,22.874863,86.063646,exact,Jharkhand,99.0,ttpa crude steel,1,,,Nilachal Iron & Power Ltd,GEM GIST (Plant-level_data_Global_Iron_and_Steel_Tracker_June_2026_V1.xlsx)
P100000120523,NMDC Nagarnar steel plant,steel_plant,BF; BOF,,operating,19.0931901,82.17,exact,Chhattisgarh,3000.0,ttpa crude steel,1,,,NMDC Steel Ltd,GEM GIST (Plant-level_data_Global_Iron_and_Steel_Tracker_June_2026_V1.xlsx)
P100000121188,Orissa Alloy Steel Kharagpur Plant,steel_plant,DRI; IF; BF,,operating,22.364258,87.309047,exact,West Bengal,550.0,ttpa crude steel,1,,,Orissa Metaliks Pvt Ltd,GEM GIST (Plant-level_data_Global_Iron_and_Steel_Tracker_June_2026_V1.xlsx)
P100000121187,Orissa Metaliks Kharagpur steel plant,steel_plant,BF; DRI; IF,,operating,22.378355,87.281773,exact,West Bengal,900.0,ttpa crude steel,1,,,Orissa Metaliks Pvt Ltd,GEM GIST (Plant-level_data_Global_Iron_and_Steel_Tracker_June_2026_V1.xlsx)
P100000120566,Orissa Metaliks Markuta steel plant,steel_plant,BF; DRI; IF; BOF,,operating,21.856747,83.966244,exact,Odisha,600.0,ttpa crude steel,1,,,Orissa Metaliks Pvt Ltd,GEM GIST (Plant-level_data_Global_Iron_and_Steel_Tracker_June_2026_V1.xlsx)
P100000120563,Orissa Sponge Iron and Steel plant,steel_plant,DRI; IF,,operating,21.801994,85.56751,exact,Odisha,101.0,ttpa crude steel,1,,,Orissa Sponge Iron and Steel Ltd,GEM GIST (Plant-level_data_Global_Iron_and_Steel_Tracker_June_2026_V1.xlsx)
P100000120558,Prakash Industries Janjgir steel plant,steel_plant,DRI; IF,,operating,22.004694,82.671666,exact,Chhattisgarh,1190.0,ttpa crude steel,1,,,Prakash Industries Ltd,GEM GIST (Plant-level_data_Global_Iron_and_Steel_Tracker_June_2026_V1.xlsx)
P100000121190,Prakash Sponge Iron and Power Challakere steel plant,steel_plant,DRI; EAF; IF,,operating,14.152912,76.665824,exact,Karnataka,0.0,ttpa crude steel,1,,,Prakash Sponge Iron and Power Pvt Ltd,GEM GIST (Plant-level_data_Global_Iron_and_Steel_Tracker_June_2026_V1.xlsx)
P100000120553,Ramsarup Industries Kharagpur steel plant,steel_plant,BF; DRI; EAF,,operating,22.977477,88.457443,exact,West Bengal,0.0,ttpa crude steel,1,,,Ramsarup Industries Ltd,GEM GIST (Plant-level_data_Global_Iron_and_Steel_Tracker_June_2026_V1.xlsx)
P100000120555,Rashmi Metaliks Kharagpur steel plant,steel_plant,BF; IF,,operating,22.360664,87.295932,exact,West Bengal,498.0,ttpa crude steel,1,,,Rashmi Metaliks Ltd,GEM GIST (Plant-level_data_Global_Iron_and_Steel_Tracker_June_2026_V1.xlsx)
P100000120531,RINL Vizag Steel plant,steel_plant,BF; BOF,,operating,17.612846,83.191918,exact,Andhra Pradesh,7300.0,ttpa crude steel,1,,,Rashtriya Ispat Nigam Ltd,GEM GIST (Plant-level_data_Global_Iron_and_Steel_Tracker_June_2026_V1.xlsx)
P100001025819,Rungta Mines Chaliyama steel plant,steel_plant,DRI; IF; BF; Steel other/unspecified,,operating,22.588359,85.905724,exact,Jharkhand,696.0,ttpa crude steel,1,,,Rungta Mines Ltd,GEM GIST (Plant-level_data_Global_Iron_and_Steel_Tracker_June_2026_V1.xlsx)
P100000120569,Rungta Mines Dhenkanal steel plant,steel_plant,DRI; IF; BF; BOF; EAF,,operating,20.764524,85.299318,exact,Odisha,206.0,ttpa crude steel,1,,,Rungta Mines Ltd,GEM GIST (Plant-level_data_Global_Iron_and_Steel_Tracker_June_2026_V1.xlsx)
P100000121186,Rungta Mines Kamanda steel plant,steel_plant,DRI; IF; BF; EAF,,operating,21.928511,85.223988,exact,Odisha,347.0,ttpa crude steel,1,,,Rungta Mines Ltd,GEM GIST (Plant-level_data_Global_Iron_and_Steel_Tracker_June_2026_V1.xlsx)
P100000121185,Rungta Mines Karakhendra steel plant,steel_plant,IF; BF; DRI; EAF,,operating,22.140174,85.414616,exact,Odisha,126.0,ttpa crude steel,1,,,Rungta Mines Ltd,GEM GIST (Plant-level_data_Global_Iron_and_Steel_Tracker_June_2026_V1.xlsx)
P100001025818,Rungta Mines Karakolha sponge iron plant,steel_plant,DRI; IF,,operating,22.13237,85.417031,exact,Odisha,0.0,ttpa crude steel,1,,,Rungta Mines Ltd,GEM GIST (Plant-level_data_Global_Iron_and_Steel_Tracker_June_2026_V1.xlsx)
P100000120549,SAIL Alloy steel plant,steel_plant,EAF,,operating,23.522882,87.275935,exact,West Bengal,501.0,ttpa crude steel,1,,,Steel Authority of India Ltd,GEM GIST (Plant-level_data_Global_Iron_and_Steel_Tracker_June_2026_V1.xlsx)
P100000120525,SAIL Bhilai steel plant,steel_plant,BF; BOF; Iron other/unspecified,,operating; operating pre-retirement,21.185157,81.394207,exact,Chhattisgarh,6999.0,ttpa crude steel,2,,,Steel Authority of India Ltd,GEM GIST (Plant-level_data_Global_Iron_and_Steel_Tracker_June_2026_V1.xlsx)
P100000120526,SAIL Bokaro steel plant,steel_plant,BF; BOF; Steel other/unspecified,,operating,23.671677,86.10687,exact,Jharkhand,4652.0,ttpa crude steel,1,,,Steel Authority of India Ltd,GEM GIST (Plant-level_data_Global_Iron_and_Steel_Tracker_June_2026_V1.xlsx)
P100000120527,SAIL Durgapur steel plant,steel_plant,BF; BOF,,operating; operating pre-retirement,23.54843,87.245247,exact,West Bengal,2499.0,ttpa crude steel,2,,,Steel Authority of India Ltd,GEM GIST (Plant-level_data_Global_Iron_and_Steel_Tracker_June_2026_V1.xlsx)
P100000120524,SAIL IISCO steel plant,steel_plant,BF; BOF,,operating,23.673236,86.926179,exact,West Bengal,2499.0,ttpa crude steel,1,,,Steel Authority of India Ltd,GEM GIST (Plant-level_data_Global_Iron_and_Steel_Tracker_June_2026_V1.xlsx)
P100000120528,SAIL Rourkela steel plant,steel_plant,BF; BOF,,operating; operating pre-retirement,22.210804,84.86895,exact,Odisha,4200.0,ttpa crude steel,2,,,Steel Authority of India Ltd,GEM GIST (Plant-level_data_Global_Iron_and_Steel_Tracker_June_2026_V1.xlsx)
P100000121191,Shakambhari Ispat and Power Purulia steel plant,steel_plant,DRI; IF; BF,,operating,23.613861,86.789527,exact,West Bengal,660.0,ttpa crude steel,1,,,Shakambhari Ispat & Power Ltd,GEM GIST (Plant-level_data_Global_Iron_and_Steel_Tracker_June_2026_V1.xlsx)
P100000121192,Shri Bajrang Power & Ispat Tilda steel plant,steel_plant,DRI; Steel other/unspecified; BF; BOF,,operating,21.48619,81.771697,exact,Chhattisgarh,500.0,ttpa crude steel,1,,,Shri Bajrang Power and Ispat Ltd,GEM GIST (Plant-level_data_Global_Iron_and_Steel_Tracker_June_2026_V1.xlsx)
P100000121183,Shyam Metalics Jamuria steel plant,steel_plant,BF; DRI; IF; EAF,,operating,23.693749,87.122711,exact,West Bengal,1144.0,ttpa crude steel,1,,,Shyam Metalics and Energy Ltd,GEM GIST (Plant-level_data_Global_Iron_and_Steel_Tracker_June_2026_V1.xlsx)
P100000121184,Shyam Metalics Sambalpur steel plant,steel_plant,DRI; IF; EAF; BF,,operating,21.680344,84.04179,exact,Odisha,1606.0,ttpa crude steel,1,,,Shyam Metalics and Energy Ltd,GEM GIST (Plant-level_data_Global_Iron_and_Steel_Tracker_June_2026_V1.xlsx)
P100000121182,Shyam Steel Mejia steel plant,steel_plant,DRI; IF; EAF,,operating,23.564157,87.089552,exact,West Bengal,126.0,ttpa crude steel,1,,,Shyam Steel Manufacturing Ltd,GEM GIST (Plant-level_data_Global_Iron_and_Steel_Tracker_June_2026_V1.xlsx)
P100000121181,Shyam Steel Raghunathpur steel plant,steel_plant,DRI; IF; BF; BOF; EAF,,operating,23.590212,86.724603,approximate,West Bengal,420.0,ttpa crude steel,1,,,Shyam Steel Industries Ltd,GEM GIST (Plant-level_data_Global_Iron_and_Steel_Tracker_June_2026_V1.xlsx)
P100000120575,Sunflag Iron and Steel plant,steel_plant,BF; DRI; EAF; IF; Steel other/unspecified,,operating,21.232929,79.632398,exact,Maharashtra,525.0,ttpa crude steel,1,,,Sunflag Iron and Steel Co Ltd,GEM GIST (Plant-level_data_Global_Iron_and_Steel_Tracker_June_2026_V1.xlsx)
P100000120546,Tata Metaliks Kharagpur steel plant,steel_plant,BF,,operating,22.385611,87.287179,exact,West Bengal,0.0,ttpa crude steel,1,,,Tata Metaliks Ltd,GEM GIST (Plant-level_data_Global_Iron_and_Steel_Tracker_June_2026_V1.xlsx)
P100000120535,Tata Steel Gamharia steel plant,steel_plant,BF; DRI; EAF,,operating,22.812895,86.084022,exact,Jharkhand,1200.0,ttpa crude steel,1,,,Tata Steel Ltd,GEM GIST (Plant-level_data_Global_Iron_and_Steel_Tracker_June_2026_V1.xlsx)
P100000120529,Tata Steel Jamshedpur steel plant,steel_plant,BF; BOF,,operating,22.788598,86.1996,exact,Jharkhand,11000.0,ttpa crude steel,1,,,Tata Steel Ltd,GEM GIST (Plant-level_data_Global_Iron_and_Steel_Tracker_June_2026_V1.xlsx)
P100000120530,Tata Steel Kalinganagar steel plant,steel_plant,BF; BOF,,operating,20.970411,86.015211,exact,Odisha,8000.0,ttpa crude steel,1,,,Tata Steel Ltd,GEM GIST (Plant-level_data_Global_Iron_and_Steel_Tracker_June_2026_V1.xlsx)
P100000120511,Tata Steel Meramandali steel plant,steel_plant,BF; BOF; DRI; EAF; IF; Steel other/unspecified,,operating,20.796053,85.260382,exact,Odisha,5510.0,ttpa crude steel,1,,,Tata Steel Ltd,GEM GIST (Plant-level_data_Global_Iron_and_Steel_Tracker_June_2026_V1.xlsx)
P100000121205,Vedanta Sesa Goa Pig Iron Plant,steel_plant,BF,,operating,15.526866,73.986671,exact,Goa,0.0,ttpa crude steel,1,,,Vedanta Iron and Steel Ltd,GEM GIST (Plant-level_data_Global_Iron_and_Steel_Tracker_June_2026_V1.xlsx)
P100000120541,Welspun Metallics Anjar Steel plant,steel_plant,BF; DRI; IF; BOF; Iron other/unspecified,,operating,23.112781,70.0866885,exact,Gujarat,288.0,ttpa crude steel,1,,,Welspun Corp Ltd,GEM GIST (Plant-level_data_Global_Iron_and_Steel_Tracker_June_2026_V1.xlsx)
P100000121032,Yazdani Steel and Power Kalinganagar steel plant,steel_plant,DRI; IF; Steel other/unspecified,,operating,20.928285,86.036604,exact,Odisha,110.0,ttpa crude steel,1,,,Yazdani Steel and Power Ltd,GEM GIST (Plant-level_data_Global_Iron_and_Steel_Tracker_June_2026_V1.xlsx)
L100000104861,Hazira power station (Reliance),coal_power_plant,captive: chemicals,fossil gas: natural gas; unknown,operating,21.1592,72.687127,exact,Gujarat,680.0,MW,5,,,Jamnagar Utilities & Power Pvt Ltd [100%],GEM GCPT (Global-Coal-Plant-Tracker-July-2026.xlsx); GEM GOGPT (Global Oil and Gas Plant Tracker (GOGPT) - August 2026.xlsx)
L100000102082,Vizag Steel Plant power station,coal_power_plant,captive: iron & steel,industrial by-product: blast furnace gas; unknown,operating,17.606547,83.196713,exact,Andhra Pradesh,435.0,MW,6,,,Rashtriya Ispat Nigam Ltd [100%],GEM GCPT (Global-Coal-Plant-Tracker-July-2026.xlsx); GEM GOGPT (Global Oil and Gas Plant Tracker (GOGPT) - August 2026.xlsx)
